operator,city_name,deployment_type,status,lat,long
Reliance Jio,Mumbai,5G NR,Commercial Availability,19.07598,72.87766
Reliance Jio,Varanasi,5G NR,Commercial Availability,25.31765,82.97391
Reliance Jio,Kolkata,5G NR,Commercial Availability,22.57265,88.3639
Reliance Jio,Delhi,5G NR,Commercial Availability,28.70406,77.10249
Reliance Jio,Chennai,5G NR,Commercial Availability,13.08268,80.27072
Reliance Jio,Nathdwara,5G NR,Commercial Availability,24.92914,73.82132
Reliance Jio,Bengaluru,5G NR,Commercial Availability,12.9716,77.59456
Reliance Jio,Hyderabad,5G NR,Commercial Availability,17.38504,78.48667
Reliance Jio,Faridabad,5G NR,Commercial Availability,28.40891,77.31779
Reliance Jio,Ghaziabad,5G NR,Commercial Availability,28.66916,77.45376
Reliance Jio,Gurugram,5G NR,Commercial Availability,28.388,76.91378
Reliance Jio,Noida,5G NR,Commercial Availability,28.53552,77.39103
Reliance Jio,Pune,5G NR,Commercial Availability,18.52043,73.85674
Reliance Jio,Ahmedabad,5G NR,Commercial Availability,23.02251,72.57136
Reliance Jio,Morbi,5G NR,Commercial Availability,22.81199,70.82362
Reliance Jio,Vyara,5G NR,Commercial Availability,21.11256,73.38855
Reliance Jio,Vadodara,5G NR,Commercial Availability,22.30716,73.18122
Reliance Jio,Surat,5G NR,Commercial Availability,21.17024,72.83106
Reliance Jio,Rajkot,5G NR,Commercial Availability,22.30389,70.80216
Reliance Jio,Kalol,5G NR,Commercial Availability,23.24639,72.50865
Reliance Jio,Aurangabad,5G NR,Commercial Availability,19.87617,75.34331
Reliance Jio,Bhopal,5G NR,Commercial Availability,23.25993,77.41262
Reliance Jio,Chandigarh,5G NR,Commercial Availability,30.73331,76.77942
Reliance Jio,Dera Bassi,5G NR,Commercial Availability,30.5964,76.84327
Reliance Jio,Guntur,5G NR,Commercial Availability,16.30665,80.43654
Reliance Jio,Kharar,5G NR,Commercial Availability,30.74888,76.64136
Reliance Jio,Kochi,5G NR,Commercial Availability,9.93123,76.2673
Reliance Jio,Lucknow,5G NR,Commercial Availability,26.84669,80.94617
Reliance Jio,Mysuru,5G NR,Commercial Availability,12.29581,76.63938
Reliance Jio,Nashik,5G NR,Commercial Availability,19.99745,73.7898
Reliance Jio,Panchkula,5G NR,Commercial Availability,30.69421,76.86057
Reliance Jio,Thiruvananthapuram,5G NR,Commercial Availability,8.52414,76.93664
Reliance Jio,Tirupati,5G NR,Commercial Availability,13.62876,79.41918
Reliance Jio,Vijayawada,5G NR,Commercial Availability,16.50617,80.64802
Reliance Jio,Visakhapatnam,5G NR,Commercial Availability,17.68682,83.21848
Reliance Jio,Zirakpur,5G NR,Commercial Availability,30.64255,76.81734
Reliance Jio,Agra,5G NR,Commercial Availability,27.1752554,78.0098161
Reliance Jio,Ahmednagar,5G NR,Commercial Availability,19.092952,74.7493451
Reliance Jio,Ahwa,5G NR,Commercial Availability,20.75845,73.68642
Reliance Jio,Amreli,5G NR,Commercial Availability,21.60318,71.22208
Reliance Jio,Anand,5G NR,Commercial Availability,22.56452,72.92887
Reliance Jio,Belagavi,5G NR,Commercial Availability,15.8497,74.49767
Reliance Jio,Bharuch,5G NR,Commercial Availability,21.70514,72.99587
Reliance Jio,Bhavnagar,5G NR,Commercial Availability,21.76447,72.15193
Reliance Jio,Bhubaneswar,5G NR,Commercial Availability,20.29606,85.82454
Reliance Jio,Bhuj,5G NR,Commercial Availability,23.242,69.66693
Reliance Jio,Botad,5G NR,Commercial Availability,22.17042,71.66843
Reliance Jio,Chhota Udepur,5G NR,Commercial Availability,22.30849,74.012
Reliance Jio,Coimbatore,5G NR,Commercial Availability,11.01684,76.95583
Reliance Jio,Cuttack,5G NR,Commercial Availability,20.4686,85.8792
Reliance Jio,Dahod,5G NR,Commercial Availability,22.83793,74.25315
Reliance Jio,Dehradun,5G NR,Commercial Availability,30.31649,78.03219
Reliance Jio,Godhra,5G NR,Commercial Availability,22.7788,73.61428
Reliance Jio,Guruvayu,5G NR,Commercial Availability,10.59447893,76.03935649
Reliance Jio,Guwahati,5G NR,Commercial Availability,26.14452,91.73624
Reliance Jio,Gwalior,5G NR,Commercial Availability,26.2037247,78.1573628
Reliance Jio,Himatnagar,5G NR,Commercial Availability,23.61477,73.03052
Reliance Jio,Hosur,5G NR,Commercial Availability,12.74091,77.82529
Reliance Jio,Hubli,5G NR,Commercial Availability,15.36471,75.12395
Reliance Jio,Indore,5G NR,Commercial Availability,22.71957,75.85773
Reliance Jio,Jabalpur,5G NR,Commercial Availability,23.1608938,79.9497702
Reliance Jio,Jaipur,5G NR,Commercial Availability,26.9154576,75.8189817
Reliance Jio,Jamnagar,5G NR,Commercial Availability,22.4707,70.05773
Reliance Jio,Jodhpur,5G NR,Commercial Availability,26.2967719,73.0351433
Reliance Jio,Junagadh,5G NR,Commercial Availability,21.52218,70.45788
Reliance Jio,Kanpur,5G NR,Commercial Availability,26.4609135,80.3217588
Reliance Jio,Karimnagar,5G NR,Commercial Availability,18.43856,79.12884
Reliance Jio,Khambhalia,5G NR,Commercial Availability,22.20526,69.65878
Reliance Jio,Kozhikode,5G NR,Commercial Availability,11.2450558,75.7754716
Reliance Jio,Ludhiana,5G NR,Commercial Availability,30.9090157,75.851601
Reliance Jio,Lunawada,5G NR,Commercial Availability,23.13326,73.61607
Reliance Jio,Madurai,5G NR,Commercial Availability,9.9252,78.11978
Reliance Jio,Mangaluru,5G NR,Commercial Availability,12.91414,74.85596
Reliance Jio,Meerut,5G NR,Commercial Availability,28.9963296,77.7061915
Reliance Jio,Mehsana,5G NR,Commercial Availability,23.58796,72.36933
Reliance Jio,Modasa,5G NR,Commercial Availability,23.46287,73.29994
Reliance Jio,Mohali,5G NR,Commercial Availability,30.7041168,76.7176885
Reliance Jio,Nadiad,5G NR,Commercial Availability,22.69159,72.86336
Reliance Jio,Nagpur,5G NR,Commercial Availability,21.1458,79.08815
Reliance Jio,Navsari,5G NR,Commercial Availability,20.9467,72.95203
Reliance Jio,Nellore,5G NR,Commercial Availability,14.4426,79.98646
Reliance Jio,Palanpur,5G NR,Commercial Availability,24.17405,72.4331
Reliance Jio,Patan,5G NR,Commercial Availability,23.84932,72.12663
Reliance Jio,Porbandar,5G NR,Commercial Availability,21.64171,69.62927
Reliance Jio,Prayagraj,5G NR,Commercial Availability,25.4381302,81.8338005
Reliance Jio,Rajpipla,5G NR,Commercial Availability,21.87151,73.50305
Reliance Jio,Salem,5G NR,Commercial Availability,11.66433,78.14601
Reliance Jio,Siliguri,5G NR,Commercial Availability,26.70838,88.42687
Reliance Jio,Solapur,5G NR,Commercial Availability,17.65992,75.90639
Reliance Jio,Thrissur,5G NR,Commercial Availability,10.5256264,76.2132542
Reliance Jio,Tiruchirappalli,5G NR,Commercial Availability,10.79048,78.70467
Reliance Jio,Tirumala,5G NR,Commercial Availability,13.67818,79.35219
Reliance Jio,Udaipur,5G NR,Commercial Availability,24.578721,73.6862571
Reliance Jio,Ujjain,5G NR,Commercial Availability,23.17960965,75.78871946
Reliance Jio,Valsad,5G NR,Commercial Availability,20.59923,72.93425
Reliance Jio,Vellore,5G NR,Commercial Availability,12.91652,79.1325
Reliance Jio,Veraval,5G NR,Commercial Availability,20.9101099,70.365279
Reliance Jio,Wadhwan,5G NR,Commercial Availability,18.31394,73.24723
Reliance Jio,Warangal,5G NR,Commercial Availability,17.9689,79.59405
Reliance Jio,Kakinada,5G NR,Commercial Availability,16.98906,82.24746
Reliance Jio,Kurnool,5G NR,Commercial Availability,15.82813,78.03728
Reliance Jio,Silchar,5G NR,Commercial Availability,24.83327,92.77891
Reliance Jio,Davangere,5G NR,Commercial Availability,14.46634,75.92384
Reliance Jio,Shivamogga,5G NR,Commercial Availability,13.92993,75.5681
Reliance Jio,Bidar,5G NR,Commercial Availability,17.91488,77.50461
Reliance Jio,Hosapete,5G NR,Commercial Availability,15.26885,76.39092
Reliance Jio,Betageri,5G NR,Commercial Availability,15.4415,75.64699
Reliance Jio,Malappuram,5G NR,Commercial Availability,11.07318,76.074
Reliance Jio,Palakkad,5G NR,Commercial Availability,10.78673,76.65479
Reliance Jio,Kannur,5G NR,Commercial Availability,11.90135,75.38679
Reliance Jio,Tiruppur,5G NR,Commercial Availability,11.10852,77.34107
Reliance Jio,Nizamabad,5G NR,Commercial Availability,18.6725,78.09409
Reliance Jio,Bareilly,5G NR,Commercial Availability,28.36704,79.43044
Reliance Jio,Aizawl,5G NR,Commercial Availability,23.72711,92.71764
Reliance Jio,Alappuzha,5G NR,Commercial Availability,9.49807,76.33885
Reliance Jio,Aligarh,5G NR,Commercial Availability,27.89739,78.08801
Reliance Jio,Ambala,5G NR,Commercial Availability,30.37818,76.7767
Reliance Jio,Rourkela,5G NR,Commercial Availability,22.26042,84.85358
Reliance Jio,Amravati,5G NR,Commercial Availability,20.93742,77.77955
Reliance Jio,Amritsar,5G NR,Commercial Availability,31.63398,74.87226
Reliance Jio,Asansol,5G NR,Commercial Availability,23.67395,86.9524
Reliance Jio,Bagalkot,5G NR,Commercial Availability,16.17254,75.65572
Reliance Jio,Jamshedpur,5G NR,Commercial Availability,22.80457,86.20288
Reliance Jio,Ranchi,5G NR,Commercial Availability,23.3441,85.30956
Reliance Jio,Muzaffarpur,5G NR,Commercial Availability,26.12089,85.36472
Reliance Jio,Patna,5G NR,Commercial Availability,25.59409,85.13756
Reliance Jio,Bahadurgarh,5G NR,Commercial Availability,28.69245,76.92397
Reliance Jio,Balasore,5G NR,Commercial Availability,21.48693,86.9246
Reliance Jio,Ballari,5G NR,Commercial Availability,15.13939,76.92144
Reliance Jio,Baripada,5G NR,Commercial Availability,21.93223,86.75169
Reliance Jio,Bhadrak,5G NR,Commercial Availability,21.05827,86.49584
Reliance Jio,Bhilai,5G NR,Commercial Availability,21.19385,81.35094
Reliance Jio,Bikaner,5G NR,Commercial Availability,28.02293,73.31192
Reliance Jio,Bilaspur,5G NR,Commercial Availability,22.07963,82.13914
Reliance Jio,Brahmapur,5G NR,Commercial Availability,19.31496,84.79409
Reliance Jio,Chickmagaluru,5G NR,Commercial Availability,13.31526,75.7754
Reliance Jio,Chittoor,5G NR,Commercial Availability,13.21718,79.10033
Reliance Jio,Dhanbad,5G NR,Commercial Availability,23.79565,86.43039
Reliance Jio,Dharmapuri,5G NR,Commercial Availability,12.10653,78.13614
Reliance Jio,Dharwad,5G NR,Commercial Availability,15.45892,75.00781
Reliance Jio,Dimapur,5G NR,Commercial Availability,25.86299,93.75367
Reliance Jio,Durg,5G NR,Commercial Availability,21.19045,81.28492
Reliance Jio,Durgapur,5G NR,Commercial Availability,23.52044,87.31192
Reliance Jio,Eluru,5G NR,Commercial Availability,16.71066,81.09524
Reliance Jio,Erode,5G NR,Commercial Availability,11.34104,77.71716
Reliance Jio,Betageri,5G NR,Commercial Availability,15.4415,75.64699
Reliance Jio,Hisar,5G NR,Commercial Availability,29.14919,75.72165
Reliance Jio,Hassan,5G NR,Commercial Availability,28.71206,75.77919
Reliance Jio,Panipat,5G NR,Commercial Availability,29.39095,76.9635
Reliance Jio,Rohtak,5G NR,Commercial Availability,28.89552,76.60661
Reliance Jio,Itanagar,5G NR,Commercial Availability,27.08437,93.60532
Reliance Jio,Jhansi,5G NR,Commercial Availability,25.44843,78.56846
Reliance Jio,Jharsuguda,5G NR,Commercial Availability,21.85544,84.00617
Reliance Jio,Kadapa,5G NR,Commercial Availability,14.46735,78.82413
Reliance Jio,Kalaburagi,5G NR,Commercial Availability,17.32973,76.8343
Reliance Jio,Karnal,5G NR,Commercial Availability,29.68569,76.99048
Reliance Jio,Kohima,5G NR,Commercial Availability,25.6586,94.10533
Reliance Jio,Kolhapur,5G NR,Commercial Availability,16.70499,74.24325
Reliance Jio,Kollam,5G NR,Commercial Availability,8.89321,76.61414
Reliance Jio,Korba,5G NR,Commercial Availability,22.35945,82.75006
Reliance Jio,Mandya,5G NR,Commercial Availability,12.52216,76.90092
Reliance Jio,Moradabad,5G NR,Commercial Availability,28.83865,78.77333
Reliance Jio,Nagaon,5G NR,Commercial Availability,26.34637,92.68404
Reliance Jio,Nalgonda,5G NR,Commercial Availability,17.05757,79.26203
Reliance Jio,Nanded-Waghala,5G NR,Commercial Availability,19.14289,77.30372
Reliance Jio,Narasaraopet,5G NR,Commercial Availability,16.23535,80.0479
Reliance Jio,Ongole,5G NR,Commercial Availability,15.50572,80.04992
Reliance Jio,Panjim,5G NR,Commercial Availability,15.49093,73.82785
Reliance Jio,Puducherry,5G NR,Commercial Availability,11.91386,79.81447
Reliance Jio,Puri,5G NR,Commercial Availability,19.81338,85.83147
Reliance Jio,Kota,5G NR,Commercial Availability,25.21382,75.86475
Reliance Jio,Raipur,5G NR,Commercial Availability,21.25138,81.62964
Reliance Jio,Rajamahendravaram,5G NR,Commercial Availability,17.00054,81.80403
Reliance Jio,Rajnandgaon,5G NR,Commercial Availability,21.0971,81.03022
Reliance Jio,Saharanpur,5G NR,Commercial Availability,29.96708,77.55102
Reliance Jio,Sambalpur,5G NR,Commercial Availability,21.46687,83.98117
Reliance Jio,Sangli,5G NR,Commercial Availability,16.8524,74.58148
Reliance Jio,Sirsa,5G NR,Commercial Availability,29.53359,75.0177
Reliance Jio,Sonipat,5G NR,Commercial Availability,28.92877,77.09128
Reliance Jio,Srikakulam,5G NR,Commercial Availability,18.29697,83.89678
Reliance Jio,Thoothukudi,5G NR,Commercial Availability,8.76417,78.13484
Reliance Jio,Agartala,5G NR,Commercial Availability,23.83146,91.28678
Reliance Jio,Tumakuru,5G NR,Commercial Availability,13.33917,77.114
Reliance Jio,Udupi,5G NR,Commercial Availability,13.33712,74.7466
Reliance Jio,Vijayapura,5G NR,Commercial Availability,16.83017,75.71003
Reliance Jio,Shillong,5G NR,Commercial Availability,25.57877,91.89325
Reliance Jio,Imphal,5G NR,Commercial Availability,24.81701,93.93684
Reliance Jio,Vizianagaram,5G NR,Commercial Availability,18.10666,83.39555
Reliance Jio,Adilabad,5G NR,Commercial Availability,19.66406,78.53201
Reliance Jio,Ajmer,5G NR,Commercial Availability,26.4499,74.63992
Reliance Jio,Ambikapur,5G NR,Commercial Availability,23.13549,83.18179
Reliance Jio,Anantapur,5G NR,Commercial Availability,14.68189,77.60059
Reliance Jio,Balangir,5G NR,Commercial Availability,20.70742,83.48427
Reliance Jio,Bhimavaram,5G NR,Commercial Availability,16.54489,81.52124
Reliance Jio,Chirala,5G NR,Commercial Availability,15.81358,80.35473
Reliance Jio,Chitradurga,5G NR,Commercial Availability,14.23056,76.39845
Reliance Jio,Cuddalore,5G NR,Commercial Availability,11.7447,79.76802
Reliance Jio,Dhamtari,5G NR,Commercial Availability,20.7015,81.55416
Reliance Jio,Dibrugarh,5G NR,Commercial Availability,27.47283,94.91196
Reliance Jio,Dindigul,5G NR,Commercial Availability,10.36731,77.98029
Reliance Jio,Gaya,5G NR,Commercial Availability,24.79545,84.99943
Reliance Jio,Guntakal,5G NR,Commercial Availability,15.16741,77.37362
Reliance Jio,Jalandhar,5G NR,Commercial Availability,31.32602,75.57618
Reliance Jio,Jalgaon,5G NR,Commercial Availability,21.00766,75.5626
Reliance Jio,Jorhat,5G NR,Commercial Availability,26.74652,94.20259
Reliance Jio,Kanchipuram,5G NR,Commercial Availability,12.818259,79.694695
Reliance Jio,Karur,5G NR,Commercial Availability,10.96008,78.0766
Reliance Jio,Kumbakonam,5G NR,Commercial Availability,10.96169,79.38811
Reliance Jio,Latur,5G NR,Commercial Availability,18.40879,76.56038
Reliance Jio,Mahbubnagar,5G NR,Commercial Availability,16.73751,78.00812
Reliance Jio,Mathura,5G NR,Commercial Availability,27.49241,77.67367
Reliance Jio,Nagercoil,5G NR,Commercial Availability,8.18329,77.4119
Reliance Jio,Nalco,5G NR,Commercial Availability,20.86526,85.18422
Reliance Jio,Nandyala,5G NR,Commercial Availability,14.67637,75.80328
Reliance Jio,Phagwara,5G NR,Commercial Availability,31.22402,75.7708
Reliance Jio,Ramagundam,5G NR,Commercial Availability,18.75955,79.48164
Reliance Jio,Tenali,5G NR,Commercial Availability,16.23953,80.64934
Reliance Jio,Tezpur,5G NR,Commercial Availability,26.65285,92.79256
Reliance Jio,Thanesar,5G NR,Commercial Availability,29.96961,76.81975
Reliance Jio,Thanjavur,5G NR,Commercial Availability,10.787,79.13783
Reliance Jio,Tiruvannamalai,5G NR,Commercial Availability,12.22528,79.0747
Reliance Jio,Yamuna Nagar,5G NR,Commercial Availability,30.12905,77.26739
Reliance Jio,Haridwar,5G NR,Commercial Availability,29.94569,78.16425
Reliance Jio,Roorkee,5G NR,Commercial Availability,29.85426,77.888
Reliance Jio,Gorakhpur,5G NR,Commercial Availability,26.76055,83.37317
Reliance Jio,Mancherial,5G NR,Commercial Availability,18.8756,79.45914
Reliance Jio,Patiala,5G NR,Commercial Availability,30.33978,76.38688
Reliance Jio,Alwar,5G NR,Commercial Availability,27.55299,76.63457
Reliance Jio,Talcher,5G NR,Commercial Availability,20.9501,85.21682
Reliance Jio,Raigarh,5G NR,Commercial Availability,21.8974,83.39496
Reliance Jio,Proddatur,5G NR,Commercial Availability,14.74919,78.55316
Reliance Jio,Madanapalle,5G NR,Commercial Availability,13.56035,78.50361
Reliance Jio,Hindupur,5G NR,Commercial Availability,13.81854,77.49888
Reliance Jio,Rudrapur,5G NR,Commercial Availability,28.98751,79.41412
Reliance Jio,Rishikesh,5G NR,Commercial Availability,30.08693,78.26761
Reliance Jio,Haldwani,5G NR,Commercial Availability,29.21826,79.51298
Reliance Jio,Sikar,5G NR,Commercial Availability,27.6094,75.13991
Reliance Jio,Sri Ganganagar,5G NR,Commercial Availability,29.90384,73.87719
Reliance Jio,Bhilwara,5G NR,Commercial Availability,25.32138,74.58695
Reliance Jio,Mandi Gobindgarh,5G NR,Commercial Availability,30.66374,76.30004
Reliance Jio,Khanna,5G NR,Commercial Availability,30.69785,76.21123
Reliance Jio,Bathinda,5G NR,Commercial Availability,30.21099,74.94547
Reliance Jio,Parbhani,5G NR,Commercial Availability,19.261,76.77667
Reliance Jio,Akola,5G NR,Commercial Availability,20.70593,77.0219
Reliance Jio,Sagar,5G NR,Commercial Availability,23.838656,78.737815
Reliance Jio,Rewa,5G NR,Commercial Availability,24.53528,81.303633
Reliance Jio,Ratlam,5G NR,Commercial Availability,23.33417,75.03763
Reliance Jio,Chhindwara,5G NR,Commercial Availability,22.05744,78.93817
Reliance Jio,Shimla,5G NR,Commercial Availability,31.10481,77.1734
Reliance Jio,Nadauna,5G NR,Commercial Availability,25.30709,84.94794
Reliance Jio,Hamirpur,5G NR,Commercial Availability,31.68617,76.52131
Reliance Jio,Savar Kundla,5G NR,Commercial Availability,21.3377,71.30524
Reliance Jio,Ankleshwar,5G NR,Commercial Availability,21.62642,73.0152
Reliance Jio,Bhagalpur,5G NR,Commercial Availability,25.24143,86.99244
Reliance Jio,Bokaro Steel City,5G NR,Commercial Availability,23.6693,86.15111
Reliance Jio,Bongaigaon,5G NR,Commercial Availability,26.501,90.53524
Reliance Jio,Chandrapur,5G NR,Commercial Availability,19.97046,79.30148
Reliance Jio,Deoghar,5G NR,Commercial Availability,24.47632,86.69132
Reliance Jio,Diu,5G NR,Commercial Availability,20.71441,70.98737
Reliance Jio,Faizabad,5G NR,Commercial Availability,26.77325,82.14416
Reliance Jio,Firozabad,5G NR,Commercial Availability,27.1591,78.39576
Reliance Jio,Gandhidham,5G NR,Commercial Availability,23.0753,70.13367
Reliance Jio,Hazaribagh,5G NR,Commercial Availability,23.99662,85.36911
Reliance Jio,Ichalkaranji,5G NR,Commercial Availability,16.709,74.45608
Reliance Jio,Katihar,5G NR,Commercial Availability,25.55205,87.57186
Reliance Jio,Mormugao,5G NR,Commercial Availability,15.38744,73.81544
Reliance Jio,Muzaffarnagar,5G NR,Commercial Availability,29.47268,77.70851
Reliance Jio,North Lakhimpur,5G NR,Commercial Availability,27.22532,94.10533
Reliance Jio,Raichur,5G NR,Commercial Availability,16.212,77.34393
Reliance Jio,Satna,5G NR,Commercial Availability,24.60051,80.83224
Reliance Jio,Sivasagar,5G NR,Commercial Availability,26.98261,94.64245
Reliance Jio,Thoubal,5G NR,Commercial Availability,24.64492,93.99929
Reliance Jio,Tinsukia,5G NR,Commercial Availability,27.49219,95.34678
Reliance Jio,Anakapalle,5G NR,Commercial Availability,17.68959,82.99773
Reliance Jio,Anantnag,5G NR,Commercial Availability,33.73113,75.1487
Reliance Jio,Arrah,5G NR,Commercial Availability,25.55604,84.66033
Reliance Jio,Bankura,5G NR,Commercial Availability,23.23241,87.0786
Reliance Jio,Barabanki,5G NR,Commercial Availability,26.94,81.19
Reliance Jio,Bardhaman,5G NR,Commercial Availability,23.231418,87.861368
Reliance Jio,Beed,5G NR,Commercial Availability,18.98909,75.76008
Reliance Jio,Begusarai,5G NR,Commercial Availability,25.41668,86.12938
Reliance Jio,Berhampore,5G NR,Commercial Availability,24.09883,88.26793
Reliance Jio,Bhadravathi,5G NR,Commercial Availability,13.90576,75.73487
Reliance Jio,Bhatapara,5G NR,Commercial Availability,21.73837,81.94803
Reliance Jio,Bihar Sharif,5G NR,Commercial Availability,25.19821,85.51487
Reliance Jio,Chakan,5G NR,Commercial Availability,18.76027,73.86303
Reliance Jio,Changanassery,5G NR,Commercial Availability,9.44589,76.54097
Reliance Jio,Chintamani,5G NR,Commercial Availability,13.40197,78.05514
Reliance Jio,Darbhanga,5G NR,Commercial Availability,26.11187,85.896
Reliance Jio,Dhule,5G NR,Commercial Availability,20.90422,74.7749
Reliance Jio,Doddaballapura,5G NR,Commercial Availability,13.29273,77.53891
Reliance Jio,Malda,5G NR,Commercial Availability,25.01084,88.1411
Reliance Jio,Habra,5G NR,Commercial Availability,22.84885,88.66396
Reliance Jio,Jagdalpur,5G NR,Commercial Availability,19.0741,82.00801
Reliance Jio,Jagtial,5G NR,Commercial Availability,18.79089,78.91185
Reliance Jio,Jalna,5G NR,Commercial Availability,19.82969,75.88003
Reliance Jio,Jammu,5G NR,Commercial Availability,32.7266,74.85703
Reliance Jio,Kashipur,5G NR,Commercial Availability,29.21042,78.96188
Reliance Jio,Katni,5G NR,Commercial Availability,23.83085,80.40723
Reliance Jio,Katras,5G NR,Commercial Availability,23.80815,86.29203
Reliance Jio,Kharagpur,5G NR,Commercial Availability,22.34601,87.23198
Reliance Jio,Kodad,5G NR,Commercial Availability,16.99512,79.97203
Reliance Jio,Kodungallur,5G NR,Commercial Availability,10.22443,76.19777
Reliance Jio,Kolar,5G NR,Commercial Availability,13.13574,78.13256
Reliance Jio,Kothagudem,5G NR,Commercial Availability,17.556,80.6144
Reliance Jio,Kovilpatti,5G NR,Commercial Availability,9.16741,77.87674
Reliance Jio,Machilipatnam,5G NR,Commercial Availability,16.19055,81.13615
Reliance Jio,Malegaon,5G NR,Commercial Availability,20.55475,74.51003
Reliance Jio,Mussoorie,5G NR,Commercial Availability,30.45991,78.0664
Reliance Jio,Muvattupuzha,5G NR,Commercial Availability,9.98942,76.57897
Reliance Jio,Nirmal,5G NR,Commercial Availability,19.09641,78.34298
Reliance Jio,Pathankot,5G NR,Commercial Availability,32.26434,75.64211
Reliance Jio,Pollachi,5G NR,Commercial Availability,10.65727,77.01067
Reliance Jio,Purnia,5G NR,Commercial Availability,25.82574,87.48453
Reliance Jio,Ramanagara,5G NR,Commercial Availability,12.70945,77.28074
Reliance Jio,Ramnagar,5G NR,Commercial Availability,29.39476,79.1265
Reliance Jio,Rampur,5G NR,Commercial Availability,28.7893,79.02495
Reliance Jio,Sangareddy,5G NR,Commercial Availability,17.61942,78.08231
Reliance Jio,Satara,5G NR,Commercial Availability,17.68046,74.01826
Reliance Jio,Siddipet,5G NR,Commercial Availability,18.1019,78.85208
Reliance Jio,Srinagar,5G NR,Commercial Availability,34.08367,74.79728
Reliance Jio,Tadipatri,5G NR,Commercial Availability,14.90703,78.00927
Reliance Jio,Tandur,5G NR,Commercial Availability,17.25758,77.58746
Reliance Jio,Tirunelveli,5G NR,Commercial Availability,8.71391,77.75665
Reliance Jio,Vapi,5G NR,Commercial Availability,20.38932,72.91062
Reliance Jio,Zahirabad,5G NR,Commercial Availability,17.677901,77.605212
Reliance Jio,Amalapuram,5G NR,Commercial Availability,16.57209,82.00085
Reliance Jio,Dharmavaram,5G NR,Commercial Availability,14.41374,77.71262
Reliance Jio,Kavali,5G NR,Commercial Availability,14.91318,79.99298
Reliance Jio,Tanuku,5G NR,Commercial Availability,16.75717,81.67996
Reliance Jio,Tuni,5G NR,Commercial Availability,17.35527,82.54293
Reliance Jio,Vinukonda,5G NR,Commercial Availability,16.05684,79.74533
Reliance Jio,Bhiwani,5G NR,Commercial Availability,28.79904,76.13351
Reliance Jio,Jind,5G NR,Commercial Availability,29.32112,76.30583
Reliance Jio,Kaithal,5G NR,Commercial Availability,29.78567,76.39845
Reliance Jio,Rewari,5G NR,Commercial Availability,28.19276,76.62394
Reliance Jio,Dharamshala,5G NR,Commercial Availability,32.21904,76.3234
Reliance Jio,Kangra,5G NR,Commercial Availability,32.0998,76.2691
Reliance Jio,Baramulla,5G NR,Commercial Availability,34.19905,74.34995
Reliance Jio,Kathua,5G NR,Commercial Availability,32.38648,75.51727
Reliance Jio,Katra,5G NR,Commercial Availability,32.9915,74.93182
Reliance Jio,Sopore,5G NR,Commercial Availability,34.28676,74.4624
Reliance Jio,Haveri,5G NR,Commercial Availability,14.7959,75.39713
Reliance Jio,Karwar,5G NR,Commercial Availability,14.81848,74.14161
Reliance Jio,Ranebennur,5G NR,Commercial Availability,14.61134,75.63827
Reliance Jio,Attingal,5G NR,Commercial Availability,8.69503,76.81788
Reliance Jio,Tura,5G NR,Commercial Availability,25.51407,90.20321
Reliance Jio,Bhawanipatna,5G NR,Commercial Availability,19.90743,83.16416
Reliance Jio,Jatni,5G NR,Commercial Availability,20.17038,85.70587
Reliance Jio,Khordha,5G NR,Commercial Availability,20.185727,85.622105
Reliance Jio,Sundargarh,5G NR,Commercial Availability,22.124,84.04318
Reliance Jio,Ambur,5G NR,Commercial Availability,13.6533,79.91647
Reliance Jio,Chidambaram,5G NR,Commercial Availability,11.39819,79.69536
Reliance Jio,Namakkal,5G NR,Commercial Availability,11.21944,78.16772
Reliance Jio,Pudukkottai,5G NR,Commercial Availability,10.37966,78.82085
Reliance Jio,Ramanathapuram,5G NR,Commercial Availability,11.954,79.72036
Reliance Jio,Sivakasi,5G NR,Commercial Availability,9.45329,77.80242
Reliance Jio,Tiruchengode,5G NR,Commercial Availability,11.37875,77.895051
Reliance Jio,Viluppuram,5G NR,Commercial Availability,11.939828,79.486076
Reliance Jio,Suryapet,5G NR,Commercial Availability,17.13531,79.63337
Reliance Jio,Adoni,5G NR,Commercial Availability,15.63222,77.27284
Reliance Jio,Badvel,5G NR,Commercial Availability,14.73091,79.05886
Reliance Jio,Chilakaluripet,5G NR,Commercial Availability,16.09243,80.16239
Reliance Jio,Gudivada,5G NR,Commercial Availability,16.44103,80.99263
Reliance Jio,Kadiri,5G NR,Commercial Availability,14.11303,78.16056
Reliance Jio,Narsapur,5G NR,Commercial Availability,16.43298,81.69662
Reliance Jio,Rayachoti,5G NR,Commercial Availability,15.90043,77.6196
Reliance Jio,Srikalahasti,5G NR,Commercial Availability,13.75202,79.70373
Reliance Jio,Tadepalligudem,5G NR,Commercial Availability,16.81384,81.52124
Reliance Jio,Margao,5G NR,Commercial Availability,15.28322,73.98619
Reliance Jio,Fatehabad,5G NR,Commercial Availability,29.50772,75.45195
Reliance Jio,Gohana,5G NR,Commercial Availability,29.13841,76.69324
Reliance Jio,Hansi,5G NR,Commercial Availability,29.09718,75.96374
Reliance Jio,Narnaul,5G NR,Commercial Availability,28.0658,76.10148
Reliance Jio,Palwal,5G NR,Commercial Availability,28.14874,77.33203
Reliance Jio,Paonta Sahib,5G NR,Commercial Availability,30.44528,77.60206
Reliance Jio,Rajouri,5G NR,Commercial Availability,33.37161,74.31519
Reliance Jio,Dumka,5G NR,Commercial Availability,24.28547,87.24193
Reliance Jio,Kolar Gold Fields,5G NR,Commercial Availability,12.95851,78.27103
Reliance Jio,Kanhangad,5G NR,Commercial Availability,12.33247,75.09615
Reliance Jio,Nedumangad,5G NR,Commercial Availability,8.60802,77.00463
Reliance Jio,Taliparamba,5G NR,Commercial Availability,12.034224,75.36105
Reliance Jio,Thalassery,5G NR,Commercial Availability,11.75329,75.49288
Reliance Jio,Thiruvalla,5G NR,Commercial Availability,9.38345,76.57406
Reliance Jio,Betul,5G NR,Commercial Availability,21.9108,77.90118
Reliance Jio,Dewas,5G NR,Commercial Availability,22.96227,76.05079
Reliance Jio,Vidisha,5G NR,Commercial Availability,23.52511,77.80814
Reliance Jio,Bhandara,5G NR,Commercial Availability,21.17501,79.65582
Reliance Jio,Wardha,5G NR,Commercial Availability,20.74532,78.60219
Reliance Jio,Lunglei,5G NR,Commercial Availability,22.86707,92.76554
Reliance Jio,Byasanagar,5G NR,Commercial Availability,20.954494,86.126937
Reliance Jio,Rayagada,5G NR,Commercial Availability,19.17121,83.41632
Reliance Jio,Hoshiarpur,5G NR,Commercial Availability,31.51432,75.91148
Reliance Jio,Tonk,5G NR,Commercial Availability,26.16204,75.78947
Reliance Jio,Karaikudi,5G NR,Commercial Availability,10.07313,78.78015
Reliance Jio,Krishnagiri,5G NR,Commercial Availability,12.51861,78.21374
Reliance Jio,Ranipet,5G NR,Commercial Availability,12.93206,79.33346
Reliance Jio,Theni Allinagaram,5G NR,Commercial Availability,10.01453,77.45299
Reliance Jio,Ooty,5G NR,Commercial Availability,11.40641,76.69324
Reliance Jio,Vaniyambadi,5G NR,Commercial Availability,12.69503,78.62189
Reliance Jio,Kumarghat,5G NR,Commercial Availability,24.1602,92.03222
Reliance Jio,Gangtok,5G NR,Commercial Availability,27.33894,88.6065
Reliance Jio,Bandarulanka,5G NR,Commercial Availability,16.5868087,81.9692743
Reliance Jio,Bapatla,5G NR,Commercial Availability,15.9052608,80.4680501
Reliance Jio,Bobbili,5G NR,Commercial Availability,18.5748202,83.3522594
Reliance Jio,Gavaravaram,5G NR,Commercial Availability,17.8748072,82.967529
Reliance Jio,Gudur,5G NR,Commercial Availability,16.2159096,81.0815906
Reliance Jio,Guntupalle,5G NR,Commercial Availability,16.5684883,80.547691
Reliance Jio,Ibrahimpatnam,5G NR,Commercial Availability,16.5940017,80.5225271
Reliance Jio,Jarjapupeta,5G NR,Commercial Availability,18.1804626,83.4401938
Reliance Jio,Kanapaka,5G NR,Commercial Availability,18.1207817,83.3854064
Reliance Jio,Kandukur,5G NR,Commercial Availability,15.21972,79.90248
Reliance Jio,Kankipadu,5G NR,Commercial Availability,16.438705,80.7647019
Reliance Jio,Kanuru,5G NR,Commercial Availability,16.8361413,81.7246127
Reliance Jio,Katheru,5G NR,Commercial Availability,17.0375016,81.7815745
Reliance Jio,Kothavalasa,5G NR,Commercial Availability,18.7006942,83.3229119
Reliance Jio,Mamidalapadu,5G NR,Commercial Availability,15.8535232,78.0145716
Reliance Jio,Mandapeta,5G NR,Commercial Availability,16.8634704,81.9300945
Reliance Jio,Mangalagiri,5G NR,Commercial Availability,16.4318209,80.5688069
Reliance Jio,Mangalam,5G NR,Commercial Availability,13.2774168,79.6977772
Reliance Jio,Markapur,5G NR,Commercial Availability,15.7406698,79.2698502
Reliance Jio,Morampudi,5G NR,Commercial Availability,16.99145,81.8114085
Reliance Jio,Murakambattu,5G NR,Commercial Availability,13.2461144,79.1173018
Reliance Jio,Nandyal,5G NR,Commercial Availability,15.4736293,78.4806592
Reliance Jio,Narasapur,5G NR,Commercial Availability,16.6165393,81.8655966
Reliance Jio,Nuzvid,5G NR,Commercial Availability,16.7907012,80.8476103
Reliance Jio,Papampeta,5G NR,Commercial Availability,17.745926,82.6444754
Reliance Jio,Payakaraopeta,5G NR,Commercial Availability,17.3641297,82.5572101
Reliance Jio,Peddapuram,5G NR,Commercial Availability,17.0756029,82.14331
Reliance Jio,Piduguralla,5G NR,Commercial Availability,16.480614,79.8892261
Reliance Jio,Pithapuram,5G NR,Commercial Availability,17.1133426,82.2543331
Reliance Jio,Ponnur,5G NR,Commercial Availability,16.0683776,80.5522462
Reliance Jio,Rajahmundry,5G NR,Commercial Availability,17.0050454,81.7804732
Reliance Jio,Ramanayyapeta,5G NR,Commercial Availability,17.3201351,82.1009338
Reliance Jio,Ramavarappadu,5G NR,Commercial Availability,14.9489289,79.8541579
Reliance Jio,Rayadurg,5G NR,Commercial Availability,14.7006174,76.8495095
Reliance Jio,Renigunta,5G NR,Commercial Availability,13.6384508,79.5105191
Reliance Jio,Satrampadu,5G NR,Commercial Availability,16.7089881,81.0752135
Reliance Jio,Sattenapalle,5G NR,Commercial Availability,16.3925393,80.1489341
Reliance Jio,Sriramnagar,5G NR,Commercial Availability,18.2844735,83.5406602
Reliance Jio,Suryaraopeta,5G NR,Commercial Availability,17.0166438,82.2823805
Reliance Jio,Tadepalle,5G NR,Commercial Availability,16.4844722,80.6043822
Reliance Jio,Tadigadapa,5G NR,Commercial Availability,16.4722303,80.700072
Reliance Jio,Vetapalem,5G NR,Commercial Availability,15.7807768,80.3070955
Reliance Jio,Vinnamala,5G NR,Commercial Availability,13.9130367,79.9094859
Reliance Jio,Yemmiganur,5G NR,Commercial Availability,15.7680956,77.4819037
Reliance Jio,Pasighat,5G NR,Commercial Availability,28.0589676,95.3324944
Reliance Jio,Azara,5G NR,Commercial Availability,26.1211108,91.6164279
Reliance Jio,Dhemaji,5G NR,Commercial Availability,27.4763797,94.5629622
Reliance Jio,Dhubri,5G NR,Commercial Availability,26.0186768,89.9857236
Reliance Jio,Digboi,5G NR,Commercial Availability,27.3956145,95.614868
Reliance Jio,Diphu,5G NR,Commercial Availability,25.84653,93.42987
Reliance Jio,Goalpara,5G NR,Commercial Availability,26.1783623,90.6226683
Reliance Jio,Golaghat,5G NR,Commercial Availability,26.52385,93.96234
Reliance Jio,Karimganj,5G NR,Commercial Availability,24.8647214,92.3681114
Reliance Jio,Kokrajhar,5G NR,Commercial Availability,26.4003745,90.2710412
Reliance Jio,Marigaon,5G NR,Commercial Availability,26.2514907,92.3443835
Reliance Jio,Nalbari,5G NR,Commercial Availability,26.445568,91.4354335
Reliance Jio,Namrup,5G NR,Commercial Availability,27.1891568,95.3479889
Reliance Jio,North Guwahati,5G NR,Commercial Availability,26.1915072,91.7184377
Reliance Jio,Barauni,5G NR,Commercial Availability,25.4676424,85.9904136
Reliance Jio,Damodarpur,5G NR,Commercial Availability,25.4470239,87.8043866
Reliance Jio,Hajipur,5G NR,Commercial Availability,25.68584,85.21459
Reliance Jio,Jehanabad,5G NR,Commercial Availability,25.2113384,84.9873701
Reliance Jio,Khagaul,5G NR,Commercial Availability,25.5796787,85.0424411
Reliance Jio,Mathurapur,5G NR,Commercial Availability,24.9261781,84.1771173
Reliance Jio,Sabour,5G NR,Commercial Availability,25.2429686,87.0470381
Reliance Jio,Samastipur,5G NR,Commercial Availability,25.86297,85.78103
Reliance Jio,Baloda,5G NR,Commercial Availability,22.1386782,82.4806416
Reliance Jio,Bhilai Nagar,5G NR,Commercial Availability,21.21893945,81.34622356
Reliance Jio,Birgaon,5G NR,Commercial Availability,21.8236037,82.6996446
Reliance Jio,Champa,5G NR,Commercial Availability,22.0308423,82.6460412
Reliance Jio,Dalli-Rajhara,5G NR,Commercial Availability,20.5884403,81.071724
Reliance Jio,Dantewada,5G NR,Commercial Availability,18.8899125,81.3477975
Reliance Jio,Deori,5G NR,Commercial Availability,20.3053696,81.6327953
Reliance Jio,Gaurella,5G NR,Commercial Availability,22.7552845,81.9022405
Reliance Jio,Kanker,5G NR,Commercial Availability,20.2692747,81.4932111
Reliance Jio,Kasdol,5G NR,Commercial Availability,21.6193745,82.4270994
Reliance Jio,Keskal,5G NR,Commercial Availability,20.0826609,81.5875975
Reliance Jio,Mahasamund,5G NR,Commercial Availability,21.1101022,82.0986634
Reliance Jio,Manendragarh,5G NR,Commercial Availability,23.2167227,82.2035806
Reliance Jio,Nawagarh,5G NR,Commercial Availability,21.8523852,82.6618022
Reliance Jio,Sakti,5G NR,Commercial Availability,22.0262563,82.959829
Reliance Jio,Sitapur,5G NR,Commercial Availability,22.7785318,83.4950985
Reliance Jio,Surajpur,5G NR,Commercial Availability,23.212528,82.8667246
Reliance Jio,Bawana,5G NR,Commercial Availability,28.79966,77.0328847
Reliance Jio,Begum Pur,5G NR,Commercial Availability,28.725503,77.0583706
Reliance Jio,Bhati,5G NR,Commercial Availability,28.427953,77.188803
Reliance Jio,Chhawala,5G NR,Commercial Availability,28.5623044,77.0037102
Reliance Jio,Gharoli,5G NR,Commercial Availability,28.6169817,77.33225477
Reliance Jio,Hastsal,5G NR,Commercial Availability,28.6382812,77.0450943
Reliance Jio,Jharoda Kalan,5G NR,Commercial Availability,28.6532995,76.9526021
Reliance Jio,Kair,5G NR,Commercial Availability,28.6245988,76.9178407
Reliance Jio,Kanjhawala,5G NR,Commercial Availability,28.7358173,77.0043151
Reliance Jio,Karala,5G NR,Commercial Availability,28.73514,77.0325105
Reliance Jio,Khera,5G NR,Commercial Availability,28.67695475,77.30152588
Reliance Jio,Khera Khurd,5G NR,Commercial Availability,28.7756713,77.09844241
Reliance Jio,Kondli,5G NR,Commercial Availability,28.6070816,77.32433194
Reliance Jio,Mitraon,5G NR,Commercial Availability,28.6074198,76.9453065
Reliance Jio,Mundka,5G NR,Commercial Availability,28.6820767,77.0343296
Reliance Jio,Nangli Sakrawati,5G NR,Commercial Availability,28.61961575,77.00169973
Reliance Jio,Neb Sarai,5G NR,Commercial Availability,28.5055007,77.2014964
Reliance Jio,Rajokri,5G NR,Commercial Availability,28.5131702,77.1107659
Reliance Jio,Rani Khera,5G NR,Commercial Availability,28.7061763,77.0234192
Reliance Jio,Tigri,5G NR,Commercial Availability,28.5117193,77.240937
Reliance Jio,Tikri Kalan,5G NR,Commercial Availability,28.6830296,76.9694857
Reliance Jio,Tikri Khurd,5G NR,Commercial Availability,28.8356621,77.1184261
Reliance Jio,Ujwa,5G NR,Commercial Availability,28.5699629,76.9093434
Reliance Jio,Anjuna,5G NR,Commercial Availability,15.5848651,73.7439438
Reliance Jio,Aquem,5G NR,Commercial Availability,15.2722287,73.9700286
Reliance Jio,Bambolim,5G NR,Commercial Availability,15.4549212,73.8464479
Reliance Jio,Benaulim,5G NR,Commercial Availability,15.2601367,73.9275675
Reliance Jio,Calangute,5G NR,Commercial Availability,15.5460146,73.763253
Reliance Jio,Candolim,5G NR,Commercial Availability,15.5201532,73.7659422
Reliance Jio,Chicalim,5G NR,Commercial Availability,15.3944786,73.8622326
Reliance Jio,Chimbel,5G NR,Commercial Availability,15.4914412,73.8747294
Reliance Jio,Cortalim,5G NR,Commercial Availability,15.3976447,73.9108927
Reliance Jio,Goa Velha,5G NR,Commercial Availability,15.4409533,73.8817296
Reliance Jio,Guirim,5G NR,Commercial Availability,15.5638364,73.8018402
Reliance Jio,Mapusa,5G NR,Commercial Availability,15.5926511,73.8119741
Reliance Jio,Navelim,5G NR,Commercial Availability,15.530065,74.0073502
Reliance Jio,Nerul,5G NR,Commercial Availability,15.5093392,73.7846696
Reliance Jio,Nuvem,5G NR,Commercial Availability,15.308184,73.9480748
Reliance Jio,Panaji,5G NR,Commercial Availability,15.4989946,73.8282141
Reliance Jio,Penha-de-Franca,5G NR,Commercial Availability,15.5177842,73.8452053
Reliance Jio,Pilerne,5G NR,Commercial Availability,15.5190971,73.8023543
Reliance Jio,Reis Magos,5G NR,Commercial Availability,15.4966011,73.8095534
Reliance Jio,Salvador do Mundo,5G NR,Commercial Availability,15.5403071,73.8455048
Reliance Jio,Varca,5G NR,Commercial Availability,15.2314189,73.9432651
Reliance Jio,Verna,5G NR,Commercial Availability,15.3510255,73.9303722
Reliance Jio,Adalaj,5G NR,Commercial Availability,23.1646919,72.5821046
Reliance Jio,Ahmadabad,5G NR,Commercial Availability,23.0216238,72.5797068
Reliance Jio,Ambaji,5G NR,Commercial Availability,24.3332794,72.8496191
Reliance Jio,Anandpar,5G NR,Commercial Availability,23.8176457,70.7681765
Reliance Jio,Antaliya,5G NR,Commercial Availability,21.5868063,71.3907679
Reliance Jio,Antarjal,5G NR,Commercial Availability,23.0569102,70.0796413
Reliance Jio,Bhat,5G NR,Commercial Availability,23.1026771,72.6329349
Reliance Jio,Bilimora,5G NR,Commercial Availability,20.7671693,72.9693451
Reliance Jio,Borsad,5G NR,Commercial Availability,22.4094019,72.905252
Reliance Jio,Chanod,5G NR,Commercial Availability,21.9866962,73.4545373
Reliance Jio,Chhaya,5G NR,Commercial Availability,21.6344476,69.6283362
Reliance Jio,Deesa,5G NR,Commercial Availability,24.2594977,72.1803348
Reliance Jio,Dwarka,5G NR,Commercial Availability,22.2471009,68.9742446
Reliance Jio,Galpadar,5G NR,Commercial Availability,23.2895834,69.7648144
Reliance Jio,Gamdi,5G NR,Commercial Availability,21.9580252,73.4862803
Reliance Jio,Gondal,5G NR,Commercial Availability,21.96195,70.7923
Reliance Jio,Idar,5G NR,Commercial Availability,23.83951,73.00064
Reliance Jio,Karachiya,5G NR,Commercial Availability,22.378247,73.1323667
Reliance Jio,Karamsad,5G NR,Commercial Availability,22.541545,72.9048945
Reliance Jio,Madhapar,5G NR,Commercial Availability,22.7362199,70.46313491
Reliance Jio,Mahesana,5G NR,Commercial Availability,23.6015557,72.3867981
Reliance Jio,Mangrol,5G NR,Commercial Availability,21.575642,72.8565391
Reliance Jio,Mirjhapar,5G NR,Commercial Availability,23.2167251,69.6317105
Reliance Jio,Mora,5G NR,Commercial Availability,23.4427346,69.1501486
Reliance Jio,Mundra,5G NR,Commercial Availability,22.83952,69.72133
Reliance Jio,Nari,5G NR,Commercial Availability,23.318415,69.464364
Reliance Jio,Ravapara,5G NR,Commercial Availability,23.5172861,69.0412187
Reliance Jio,Sachin,5G NR,Commercial Availability,21.0783986,72.8790065
Reliance Jio,Savarkundla,5G NR,Commercial Availability,21.3394524,71.3082758
Reliance Jio,Sidhpur,5G NR,Commercial Availability,22.10390075,69.46479455
Reliance Jio,Sukhpar,5G NR,Commercial Availability,23.4876447,71.0726279
Reliance Jio,Unjha,5G NR,Commercial Availability,23.8042717,72.3912763
Reliance Jio,Vallabh Vidyanagar,5G NR,Commercial Availability,22.5516264,72.9300516
Reliance Jio,Vartej,5G NR,Commercial Availability,21.7397432,72.0644938
Reliance Jio,Viramgam,5G NR,Commercial Availability,23.1224522,72.0483946
Reliance Jio,Visnagar,5G NR,Commercial Availability,23.7036823,72.5404601
Reliance Jio,Barwala,5G NR,Commercial Availability,29.36419,75.90568
Reliance Jio,Gurgaon,5G NR,Commercial Availability,28.42826235,77.00270015
Reliance Jio,Jhajjar,5G NR,Commercial Availability,28.6066833,76.6580764
Reliance Jio,Shahbad,5G NR,Commercial Availability,30.1661671,76.8678617
Reliance Jio,Sohna,5G NR,Commercial Availability,28.3241636,77.08486438
Reliance Jio,Baddi,5G NR,Commercial Availability,30.95783,76.79136
Reliance Jio,Dharmsala,5G NR,Commercial Availability,32.4813025,76.0522663
Reliance Jio,Kullu,5G NR,Commercial Availability,31.95785,77.10946
Reliance Jio,Mandi,5G NR,Commercial Availability,31.707399,76.932121
Reliance Jio,Nalagarh,5G NR,Commercial Availability,31.04456,76.70479
Reliance Jio,Solan,5G NR,Commercial Availability,30.90449,77.09674
Reliance Jio,Sundarnagar,5G NR,Commercial Availability,31.5181989,76.8848915
Reliance Jio,Theog,5G NR,Commercial Availability,31.1198924,77.358982
Reliance Jio,Badgam,5G NR,Commercial Availability,34.0154721,74.7220085
Reliance Jio,Baramula,5G NR,Commercial Availability,34.2086903,74.343498
Reliance Jio,Ganderbal,5G NR,Commercial Availability,34.1913902,74.7962566
Reliance Jio,Ichgam,5G NR,Commercial Availability,33.9862087,74.7515441
Reliance Jio,Lasjan,5G NR,Commercial Availability,34.0404157,74.870635
Reliance Jio,Rajauri,5G NR,Commercial Availability,33.3772495,74.3132332
Reliance Jio,Udhampur,5G NR,Commercial Availability,32.91598,75.14162
Reliance Jio,Adityapur,5G NR,Commercial Availability,23.42335,88.72895
Reliance Jio,Ara,5G NR,Commercial Availability,23.3504897,85.4001738
Reliance Jio,Arsande,5G NR,Commercial Availability,23.429648,85.3514282
Reliance Jio,Chainpur,5G NR,Commercial Availability,23.1107327,85.60084785
Reliance Jio,Chas,5G NR,Commercial Availability,23.6327987,86.1754033
Reliance Jio,Dudhani,5G NR,Commercial Availability,24.4565255,86.7204952
Reliance Jio,Giridih,5G NR,Commercial Availability,24.19135,86.29964
Reliance Jio,Jugsalai,5G NR,Commercial Availability,22.77714,86.1858661
Reliance Jio,Kanke,5G NR,Commercial Availability,23.4298561,85.327582
Reliance Jio,Marai Kalan,5G NR,Commercial Availability,24.0211135,85.3506079
Reliance Jio,Medininagar (Daltonganj),5G NR,Commercial Availability,24.0397192,84.0658109
Reliance Jio,Rerma,5G NR,Commercial Availability,24.0371705,84.0817434
Reliance Jio,Tati,5G NR,Commercial Availability,23.3771878,85.4379112
Reliance Jio,Adyar,5G NR,Commercial Availability,12.8686235,74.9292875
Reliance Jio,Aland,5G NR,Commercial Availability,17.5632704,76.5678524
Reliance Jio,Alur,5G NR,Commercial Availability,12.9788319,75.9935776
Reliance Jio,Anekal,5G NR,Commercial Availability,12.7086373,77.6993972
Reliance Jio,Annigeri,5G NR,Commercial Availability,15.4260116,75.4333351
Reliance Jio,Attibele,5G NR,Commercial Availability,12.7782588,77.7712834
Reliance Jio,Badami,5G NR,Commercial Availability,15.9203874,75.6807865
Reliance Jio,Bangalore,5G NR,Commercial Availability,12.9767936,77.590082
Reliance Jio,Bannur,5G NR,Commercial Availability,12.3307313,76.861373
Reliance Jio,Basavakalyan,5G NR,Commercial Availability,17.871446,76.9517496
Reliance Jio,Basettihalli,5G NR,Commercial Availability,13.5306378,77.8604991
Reliance Jio,Belgaum,5G NR,Commercial Availability,15.8572666,74.5069343
Reliance Jio,Bellary,5G NR,Commercial Availability,15.1433952,76.9193876
Reliance Jio,Benakanahalli,5G NR,Commercial Availability,14.7073752,76.2929799
Reliance Jio,Bhadravati,5G NR,Commercial Availability,13.8502075,75.7037863
Reliance Jio,Bhalki,5G NR,Commercial Availability,18.0484556,77.2176221
Reliance Jio,Bidadi,5G NR,Commercial Availability,12.7988507,77.3869947
Reliance Jio,Bijapur,5G NR,Commercial Availability,16.8269911,75.7175387
Reliance Jio,Bommasandra,5G NR,Commercial Availability,12.8162443,77.6916113
Reliance Jio,Challakere,5G NR,Commercial Availability,14.3134476,76.6497826
Reliance Jio,Chikkaballapura,5G NR,Commercial Availability,13.4358702,77.7312434
Reliance Jio,Chikkabanavara,5G NR,Commercial Availability,13.4021825,76.1844179
Reliance Jio,Chikkabidarakallu,5G NR,Commercial Availability,13.0491569,77.4874879
Reliance Jio,Chikmagalur,5G NR,Commercial Availability,13.318014,75.7738743
Reliance Jio,Dandeli,5G NR,Commercial Availability,15.2490284,74.6236037
Reliance Jio,Devanahalli,5G NR,Commercial Availability,13.2483502,77.7134377
Reliance Jio,Dommasandra,5G NR,Commercial Availability,13.0974753,78.4516588
Reliance Jio,Gadag-Betigeri,5G NR,Commercial Availability,15.4263647,75.6300786
Reliance Jio,Gajendragarh,5G NR,Commercial Availability,15.7322026,75.9644618
Reliance Jio,Gokak,5G NR,Commercial Availability,16.1693033,74.8224338
Reliance Jio,Gulbarga,5G NR,Commercial Availability,17.3310003,76.8334228
Reliance Jio,Gundlupet,5G NR,Commercial Availability,11.808496,76.6916141
Reliance Jio,Haralapura,5G NR,Commercial Availability,13.6937454,77.3298638
Reliance Jio,Harihar,5G NR,Commercial Availability,14.5116874,75.809288
Reliance Jio,Hebbagodi,5G NR,Commercial Availability,12.8267016,77.6799745
Reliance Jio,Hinkal,5G NR,Commercial Availability,12.3299639,76.6007405
Reliance Jio,Hiriyur,5G NR,Commercial Availability,13.9443237,76.6167407
Reliance Jio,Holalkere,5G NR,Commercial Availability,14.0428326,76.1844875
Reliance Jio,Hosakote,5G NR,Commercial Availability,12.4346742,76.2481469
Reliance Jio,Hospet,5G NR,Commercial Availability,15.266493,76.3872297
Reliance Jio,Hunasamaranahalli,5G NR,Commercial Availability,13.1440103,77.6191241
Reliance Jio,Hunsur,5G NR,Commercial Availability,12.3035086,76.2928095
Reliance Jio,Hutagalli,5G NR,Commercial Availability,12.3414732,76.585315
Reliance Jio,Ilkal,5G NR,Commercial Availability,15.9598085,76.11564
Reliance Jio,Indi,5G NR,Commercial Availability,17.1744599,75.9553764
Reliance Jio,Jevargi,5G NR,Commercial Availability,17.3299005,76.3183224
Reliance Jio,Jigani,5G NR,Commercial Availability,12.7852528,77.6380931
Reliance Jio,Kakati,5G NR,Commercial Availability,15.9326725,74.5255528
Reliance Jio,Kampli,5G NR,Commercial Availability,15.4061695,76.604451
Reliance Jio,Kenjar,5G NR,Commercial Availability,12.9512486,74.8670937
Reliance Jio,Kollegal,5G NR,Commercial Availability,12.1560966,77.1071726
Reliance Jio,Konappana Agrahara,5G NR,Commercial Availability,12.8528618,77.668169
Reliance Jio,Koppal,5G NR,Commercial Availability,15.3484144,76.1547421
Reliance Jio,Krishnarajanagara,5G NR,Commercial Availability,12.438561,76.3836699
Reliance Jio,Kumbalagodu,5G NR,Commercial Availability,12.8786167,77.4467629
Reliance Jio,Kunigal,5G NR,Commercial Availability,13.0260158,77.0222704
Reliance Jio,Lingsugur,5G NR,Commercial Availability,16.1563,76.5242
Reliance Jio,Maddur,5G NR,Commercial Availability,12.5848984,77.0448679
Reliance Jio,Madhugiri,5G NR,Commercial Availability,13.6601789,77.2140882
Reliance Jio,Madikeri,5G NR,Commercial Availability,12.42149,75.7387543
Reliance Jio,Malavalli,5G NR,Commercial Availability,12.3864073,77.0589464
Reliance Jio,Malur,5G NR,Commercial Availability,13.0060343,77.9382839
Reliance Jio,Mangalore,5G NR,Commercial Availability,12.8698101,74.8430082
Reliance Jio,Molakalmuru,5G NR,Commercial Availability,14.7173547,76.7467395
Reliance Jio,Mysore,5G NR,Commercial Availability,12.3051828,76.6553609
Reliance Jio,Nagamangala,5G NR,Commercial Availability,12.8196077,76.7542189
Reliance Jio,Nargund,5G NR,Commercial Availability,15.7220381,75.3846247
Reliance Jio,Nelamangala,5G NR,Commercial Availability,13.0953024,77.3963586
Reliance Jio,Nipani,5G NR,Commercial Availability,16.4020402,74.3842372
Reliance Jio,Pandavapura,5G NR,Commercial Availability,12.5011414,76.6731501
Reliance Jio,Pavagada,5G NR,Commercial Availability,14.1007288,77.2800053
Reliance Jio,Ramdurg,5G NR,Commercial Availability,15.9449549,75.2967797
Reliance Jio,Sambra,5G NR,Commercial Availability,16.6128965,77.3492254
Reliance Jio,Sarjapura,5G NR,Commercial Availability,12.8600866,77.7861352
Reliance Jio,Satyamangala,5G NR,Commercial Availability,13.0185492,76.1248982
Reliance Jio,Savanur,5G NR,Commercial Availability,14.9750243,75.3397064
Reliance Jio,Shahabad,5G NR,Commercial Availability,17.1241133,76.9418923
Reliance Jio,Shahpur,5G NR,Commercial Availability,16.8513397,77.2004192
Reliance Jio,Shimoga,5G NR,Commercial Availability,13.9326093,75.574978
Reliance Jio,Sidlaghatta,5G NR,Commercial Availability,13.3885218,77.8641332
Reliance Jio,Sira,5G NR,Commercial Availability,13.7409467,76.905738
Reliance Jio,Sirsi,5G NR,Commercial Availability,14.6192362,74.8388611
Reliance Jio,Siruguppa,5G NR,Commercial Availability,15.6336064,76.8939231
Reliance Jio,Srinivaspur,5G NR,Commercial Availability,13.3391141,78.2113678
Reliance Jio,Sulya,5G NR,Commercial Availability,12.5576644,75.3907575
Reliance Jio,Tarikere,5G NR,Commercial Availability,13.7062309,75.8183561
Reliance Jio,Tekkalakote,5G NR,Commercial Availability,15.5337852,76.8772225
Reliance Jio,Tiptur,5G NR,Commercial Availability,13.258575,76.4737675
Reliance Jio,Tirthahalli,5G NR,Commercial Availability,13.6901992,75.2463699
Reliance Jio,Tumkur,5G NR,Commercial Availability,13.3400771,77.1006208
Reliance Jio,Udyavara,5G NR,Commercial Availability,13.3027326,74.7361627
Reliance Jio,Ullal,5G NR,Commercial Availability,12.8181202,74.8459375
Reliance Jio,Varamballi,5G NR,Commercial Availability,13.4284142,74.735618
Reliance Jio,Yadgir,5G NR,Commercial Availability,16.7670964,77.1403984
Reliance Jio,Aluva,5G NR,Commercial Availability,10.10757,76.34566
Reliance Jio,Arookutty,5G NR,Commercial Availability,9.8647363,76.3240533
Reliance Jio,Aroor,5G NR,Commercial Availability,9.8783108,76.3038826
Reliance Jio,Azhoor,5G NR,Commercial Availability,9.2552818,76.7807776
Reliance Jio,Beypore,5G NR,Commercial Availability,11.1790668,75.8101768
Reliance Jio,Chavara,5G NR,Commercial Availability,8.975395,76.5348376
Reliance Jio,Cheranallur,5G NR,Commercial Availability,10.0405599,76.2805116
Reliance Jio,Cherthala,5G NR,Commercial Availability,9.6862464,76.3425849
Reliance Jio,Cheruthazham,5G NR,Commercial Availability,12.0715561,75.2602571
Reliance Jio,Cheruvannur,5G NR,Commercial Availability,11.56097,75.69353
Reliance Jio,Chirakkal,5G NR,Commercial Availability,11.9125378,75.358893
Reliance Jio,Chorode,5G NR,Commercial Availability,11.6317134,75.6003758
Reliance Jio,Edathala,5G NR,Commercial Availability,10.0714367,76.3865521
Reliance Jio,Edavilangu,5G NR,Commercial Availability,10.2407638,76.1700362
Reliance Jio,Elamkunnapuzha,5G NR,Commercial Availability,10.030615,76.2220886
Reliance Jio,Elayavoor,5G NR,Commercial Availability,11.882576,75.39955669
Reliance Jio,Erattupetta,5G NR,Commercial Availability,9.6879884,76.7797651
Reliance Jio,Feroke,5G NR,Commercial Availability,11.1825447,75.8375372
Reliance Jio,Irinjalakuda,5G NR,Commercial Availability,10.34467,76.20937
Reliance Jio,Kakkanad,5G NR,Commercial Availability,10.01657,76.34275
Reliance Jio,Kakkodi,5G NR,Commercial Availability,11.3168669,75.7991672
Reliance Jio,Kalady,5G NR,Commercial Availability,10.1666308,76.4390495
Reliance Jio,Kalamassery,5G NR,Commercial Availability,10.0593517,76.3206787
Reliance Jio,Kanayannur,5G NR,Commercial Availability,9.9198895,76.3913877
Reliance Jio,Kanjikkuzhi,5G NR,Commercial Availability,9.6087607,76.3339506
Reliance Jio,Karakulam,5G NR,Commercial Availability,8.5625502,76.9838718
Reliance Jio,Kasaragod,5G NR,Commercial Availability,12.5035577,74.9907022
Reliance Jio,Kayamkulam,5G NR,Commercial Availability,9.18437,76.51516
Reliance Jio,Koduvayur,5G NR,Commercial Availability,10.6887585,76.6621933
Reliance Jio,Kondotty,5G NR,Commercial Availability,11.1457203,75.9643753
Reliance Jio,Koratty,5G NR,Commercial Availability,9.4967931,76.8483241
Reliance Jio,Kothamangalam,5G NR,Commercial Availability,10.0640341,76.6218187
Reliance Jio,Kottarakkara,5G NR,Commercial Availability,9.0055368,76.7832172
Reliance Jio,Kottayam,5G NR,Commercial Availability,9.59157,76.52215
Reliance Jio,Kumbalam,5G NR,Commercial Availability,9.8906366,76.3123749
Reliance Jio,Kunnamangalam,5G NR,Commercial Availability,11.3046779,75.8785617
Reliance Jio,Kunnamkulam,5G NR,Commercial Availability,10.6510912,76.0687448
Reliance Jio,Kuttoor,5G NR,Commercial Availability,9.3587884,76.5881013
Reliance Jio,Manakunnam,5G NR,Commercial Availability,9.9178589,76.3540444
Reliance Jio,Manjeri,5G NR,Commercial Availability,11.1203,76.11997
Reliance Jio,Maradu,5G NR,Commercial Availability,9.9397588,76.3286304
Reliance Jio,Mayyanad,5G NR,Commercial Availability,8.8395937,76.6459316
Reliance Jio,Methala,5G NR,Commercial Availability,10.2166,76.21662
Reliance Jio,Muhamma,5G NR,Commercial Availability,9.6059003,76.3596446
Reliance Jio,Nedumbassery,5G NR,Commercial Availability,10.1595172,76.3895183
Reliance Jio,Njarackal,5G NR,Commercial Availability,10.0420124,76.2192723
Reliance Jio,Olavanna,5G NR,Commercial Availability,11.22419,75.82904
Reliance Jio,Paippad,5G NR,Commercial Availability,9.4246528,76.5849735
Reliance Jio,Palai,5G NR,Commercial Availability,9.7043096,76.68825386
Reliance Jio,Pallikkunnu,5G NR,Commercial Availability,11.3499345,76.3464323
Reliance Jio,Pallippuram,5G NR,Commercial Availability,9.7605593,76.3626011
Reliance Jio,Panayam,5G NR,Commercial Availability,8.962758,76.6189148
Reliance Jio,Parappur,5G NR,Commercial Availability,11.2186268,76.0018194
Reliance Jio,Pathanamthitta,5G NR,Commercial Availability,9.2655337,76.7871514
Reliance Jio,Perinad,5G NR,Commercial Availability,8.9429806,76.5981247
Reliance Jio,Perinthalmanna,5G NR,Commercial Availability,10.9756774,76.2262573
Reliance Jio,Perumanna,5G NR,Commercial Availability,10.9924853,75.9540082
Reliance Jio,Peruvayal,5G NR,Commercial Availability,11.2640171,75.8935604
Reliance Jio,Ponnani,5G NR,Commercial Availability,10.76772,75.9259
Reliance Jio,Punalur,5G NR,Commercial Availability,9.0174612,76.9264764
Reliance Jio,Puthur,5G NR,Commercial Availability,12.206343,75.226914
Reliance Jio,Puthuvype,5G NR,Commercial Availability,10.0013526,76.2220716
Reliance Jio,Puzhathi,5G NR,Commercial Availability,11.901776,75.37543003
Reliance Jio,Ramanattukara,5G NR,Commercial Availability,11.1780876,75.8656196
Reliance Jio,Sreekaryam,5G NR,Commercial Availability,8.5489489,76.9171867
Reliance Jio,Thiruvankulam,5G NR,Commercial Availability,9.9434669,76.373653
Reliance Jio,Thodupuzha,5G NR,Commercial Availability,9.88303525,76.76444289
Reliance Jio,Thrikkadavoor,5G NR,Commercial Availability,8.9205959,76.5943123
Reliance Jio,Thrippunithura,5G NR,Commercial Availability,9.9440256,76.3489858
Reliance Jio,Tirur,5G NR,Commercial Availability,10.91463,75.92209
Reliance Jio,Vadakara,5G NR,Commercial Availability,11.5970724,75.5903655
Reliance Jio,Varappuzha,5G NR,Commercial Availability,10.0778389,76.270926
Reliance Jio,Vayalar,5G NR,Commercial Availability,9.7185185,76.337456
Reliance Jio,Vazhakulam,5G NR,Commercial Availability,9.9436431,76.6401055
Reliance Jio,Venganoor,5G NR,Commercial Availability,8.3964587,77.0039878
Reliance Jio,Amkhera,5G NR,Commercial Availability,24.9522914,79.4037686
Reliance Jio,Bhind,5G NR,Commercial Availability,26.5652355,78.7889864
Reliance Jio,Bilpura,5G NR,Commercial Availability,24.0950058,79.9735677
Reliance Jio,Burhanpur,5G NR,Commercial Availability,21.3118839,76.2291992
Reliance Jio,Dhanpuri,5G NR,Commercial Availability,23.2088994,81.53243046
Reliance Jio,Itarsi,5G NR,Commercial Availability,22.6124961,77.762753
Reliance Jio,Khajuraho,5G NR,Commercial Availability,24.8515132,79.9259786
Reliance Jio,Khandwa,5G NR,Commercial Availability,21.8203752,76.3555424
Reliance Jio,Khargone,5G NR,Commercial Availability,21.825599,75.614182
Reliance Jio,Madai,5G NR,Commercial Availability,24.240472,80.8590165
Reliance Jio,Maharajpur,5G NR,Commercial Availability,25.0169621,79.7265182
Reliance Jio,Mandideep,5G NR,Commercial Availability,23.0965633,77.5144525
Reliance Jio,Mandla,5G NR,Commercial Availability,22.597808,80.3720781
Reliance Jio,Murwara (Katni),5G NR,Commercial Availability,23.8339621,80.392456
Reliance Jio,Palda,5G NR,Commercial Availability,22.597646,76.0415463
Reliance Jio,Panna,5G NR,Commercial Availability,24.7196026,80.1860748
Reliance Jio,Pithampur,5G NR,Commercial Availability,22.61325,75.68229
Reliance Jio,Rajakhedi,5G NR,Commercial Availability,23.9994486,75.0584415
Reliance Jio,Singrauli,5G NR,Commercial Availability,24.1974432,82.6661453
Reliance Jio,Suhagi,5G NR,Commercial Availability,24.4747137,80.1465937
Reliance Jio,Alandi,5G NR,Commercial Availability,18.6772446,73.8981129
Reliance Jio,Amalner,5G NR,Commercial Availability,21.0400032,75.0703748
Reliance Jio,Ambarnath,5G NR,Commercial Availability,19.2015607,73.2004771
Reliance Jio,Ambejogai,5G NR,Commercial Availability,18.7318232,76.3854836
Reliance Jio,Arvi,5G NR,Commercial Availability,20.7468462,74.7140907
Reliance Jio,Badlapur,5G NR,Commercial Availability,20.78078305,76.93220904
Reliance Jio,Baramati,5G NR,Commercial Availability,18.1478834,74.5733979
Reliance Jio,Bhagur,5G NR,Commercial Availability,19.320631,75.1998205
Reliance Jio,Bhiwandi Nizampur,5G NR,Commercial Availability,19.294067,73.06644757
Reliance Jio,Bhokara,5G NR,Commercial Availability,19.2195386,77.668749
Reliance Jio,Bhusawal,5G NR,Commercial Availability,21.04572,75.7808079
Reliance Jio,Bid,5G NR,Commercial Availability,20.1478882,77.8803527
Reliance Jio,Boisar,5G NR,Commercial Availability,19.8041943,72.7495538
Reliance Jio,Budhgaon,5G NR,Commercial Availability,16.9079848,74.5993298
Reliance Jio,Darewadi,5G NR,Commercial Availability,18.4228808,75.6620157
Reliance Jio,Dhanegaon,5G NR,Commercial Availability,21.15051535,77.37664408
Reliance Jio,Digdoh,5G NR,Commercial Availability,21.1101658,79.0185374
Reliance Jio,Dyane,5G NR,Commercial Availability,20.7541427,74.2869048
Reliance Jio,Eklahare,5G NR,Commercial Availability,21.1430703,74.918282
Reliance Jio,Fulchur,5G NR,Commercial Availability,21.4352823,80.2086324
Reliance Jio,Ghulewadi,5G NR,Commercial Availability,17.3144444,74.7911024
Reliance Jio,Gokul Shirgaon,5G NR,Commercial Availability,16.6435497,74.2908948
Reliance Jio,Gondiya,5G NR,Commercial Availability,21.455228,80.1962729
Reliance Jio,Hinganghat,5G NR,Commercial Availability,20.5484132,78.8411206
Reliance Jio,Hingoli,5G NR,Commercial Availability,19.7158472,77.1388362
Reliance Jio,Kabnur,5G NR,Commercial Availability,18.5624739,77.372976
Reliance Jio,Kalher,5G NR,Commercial Availability,19.2470586,73.0162096
Reliance Jio,Kalundre,5G NR,Commercial Availability,17.1016738,73.9498758
Reliance Jio,Kalyan-Dombivli,5G NR,Commercial Availability,19.2391602,73.1293186
Reliance Jio,Kambe,5G NR,Commercial Availability,20.8151035,77.3270424
Reliance Jio,Kamptee,5G NR,Commercial Availability,21.2170645,79.1964178
Reliance Jio,Kandari,5G NR,Commercial Availability,20.7111315,76.3359904
Reliance Jio,Kandri,5G NR,Commercial Availability,21.3886679,79.548912
Reliance Jio,Karivali,5G NR,Commercial Availability,19.29384925,73.03762403
Reliance Jio,Katai,5G NR,Commercial Availability,19.1697955,73.0787158
Reliance Jio,Katangi Kala,5G NR,Commercial Availability,21.4842987,80.2037948
Reliance Jio,Katkar,5G NR,Commercial Availability,19.8158511,72.7371868
Reliance Jio,Kegaon,5G NR,Commercial Availability,17.7165509,75.8492555
Reliance Jio,Khamgaon,5G NR,Commercial Availability,20.71162,76.56613
Reliance Jio,Kharabwadi,5G NR,Commercial Availability,18.2933097,77.0020527
Reliance Jio,Kharghar,5G NR,Commercial Availability,19.0525298,73.0735111
Reliance Jio,Kodoli,5G NR,Commercial Availability,20.2244693,75.8426356
Reliance Jio,Kon,5G NR,Commercial Availability,19.2483851,73.104778
Reliance Jio,Kudwa,5G NR,Commercial Availability,21.4766646,80.1845341
Reliance Jio,Lohara,5G NR,Commercial Availability,17.9925705,76.3270158
Reliance Jio,Mahadula,5G NR,Commercial Availability,21.15528795,79.49618872
Reliance Jio,Mahindale,5G NR,Commercial Availability,20.7171627,75.1636612
Reliance Jio,Malkapur,5G NR,Commercial Availability,20.88151575,76.20481766
Reliance Jio,Manmad,5G NR,Commercial Availability,20.2519828,74.4392286
Reliance Jio,Masala,5G NR,Commercial Availability,20.8593733,78.5818576
Reliance Jio,Morewadi,5G NR,Commercial Availability,19.6540659,74.5286321
Reliance Jio,Nachane,5G NR,Commercial Availability,16.98561305,73.33573289
Reliance Jio,Nagalwadi,5G NR,Commercial Availability,20.6467,77.6228821
Reliance Jio,Nagapur,5G NR,Commercial Availability,20.6810521,78.16694646
Reliance Jio,Nagardeole,5G NR,Commercial Availability,20.5649143,75.2097416
Reliance Jio,Nanded Waghala,5G NR,Commercial Availability,19.169335,77.311013
Reliance Jio,Nandurbar,5G NR,Commercial Availability,21.363778,74.2411418
Reliance Jio,Narsala,5G NR,Commercial Availability,21.3138642,77.50093066
Reliance Jio,Navi Mumbai,5G NR,Commercial Availability,19.0308262,73.0198537
Reliance Jio,Nilanga,5G NR,Commercial Availability,18.1291893,76.7494127
Reliance Jio,Nildoh,5G NR,Commercial Availability,21.1132952,79.0013476
Reliance Jio,Osmanabad,5G NR,Commercial Availability,18.1853567,76.0420253
Reliance Jio,Pachgaon,5G NR,Commercial Availability,20.8697321,79.77480139
Reliance Jio,Padoli,5G NR,Commercial Availability,18.193768,76.2623852
Reliance Jio,Panvel,5G NR,Commercial Availability,18.9895249,73.1221935
Reliance Jio,Parli,5G NR,Commercial Availability,19.4137704,76.9219351
Reliance Jio,Pasthal,5G NR,Commercial Availability,19.8201509,72.7313074
Reliance Jio,Pimpri Chinchwad,5G NR,Commercial Availability,18.6279288,73.8009829
Reliance Jio,Pipri,5G NR,Commercial Availability,20.7753598,76.4781556
Reliance Jio,Ratnagiri,5G NR,Commercial Availability,16.9933521,73.2954371
Reliance Jio,Sangameshwar,5G NR,Commercial Availability,17.1716236,73.5354629
Reliance Jio,Sangamner,5G NR,Commercial Availability,19.5663367,74.2112649
Reliance Jio,Sangli Miraj Kupwad,5G NR,Commercial Availability,16.8502534,74.5948885
Reliance Jio,Shegaon,5G NR,Commercial Availability,20.7961403,76.6930662
Reliance Jio,Shelar,5G NR,Commercial Availability,19.9434808,74.4109189
Reliance Jio,Shivani,5G NR,Commercial Availability,21.01493475,79.88409713
Reliance Jio,Shivar,5G NR,Commercial Availability,20.69710055,77.05324304
Reliance Jio,Shrirampur,5G NR,Commercial Availability,19.8861948,74.2275374
Reliance Jio,Soyagaon,5G NR,Commercial Availability,20.4408982,75.98859516
Reliance Jio,Tamgaon,5G NR,Commercial Availability,21.0211298,76.67330362
Reliance Jio,Thane,5G NR,Commercial Availability,19.21833,72.97809
Reliance Jio,Udgir,5G NR,Commercial Availability,18.39429,77.1126
Reliance Jio,Ujalaiwadi,5G NR,Commercial Availability,16.6646285,74.2706915
Reliance Jio,Ulhasnagar,5G NR,Commercial Availability,19.2227363,73.1657782
Reliance Jio,Umari Pr. Akola,5G NR,Commercial Availability,20.70718195,77.02461368
Reliance Jio,Uran,5G NR,Commercial Availability,18.8808,72.9386
Reliance Jio,Vadghar,5G NR,Commercial Availability,18.0359532,73.5909319
Reliance Jio,Wadi,5G NR,Commercial Availability,20.735191,76.57288268
Reliance Jio,Wagholi,5G NR,Commercial Availability,21.196801,77.9238207
Reliance Jio,Walwadi,5G NR,Commercial Availability,20.7250701,75.1996135
Reliance Jio,Washim,5G NR,Commercial Availability,20.1029211,77.1353872
Reliance Jio,Yavatmal,5G NR,Commercial Availability,20.38879,78.12041
Reliance Jio,Yerkheda,5G NR,Commercial Availability,20.4714258,79.1475409
Reliance Jio,Yewalewadi,5G NR,Commercial Availability,18.4358283,73.8963635
Reliance Jio,Jiribam,5G NR,Commercial Availability,24.8087217,93.1143992
Reliance Jio,Mayang Imphal,5G NR,Commercial Availability,24.6108831,93.8875401
Reliance Jio,Nambol,5G NR,Commercial Availability,24.7150244,93.83543
Reliance Jio,Wangoi,5G NR,Commercial Availability,24.6743619,93.9006239
Reliance Jio,Cherrapunjee,5G NR,Commercial Availability,25.2777336,91.7292416
Reliance Jio,Jowai,5G NR,Commercial Availability,25.4434703,92.1973181
Reliance Jio,Nongmynsong,5G NR,Commercial Availability,25.5884615,91.9124711
Reliance Jio,Nongthymmai,5G NR,Commercial Availability,25.2492119,91.733151
Reliance Jio,Lengpui,5G NR,Commercial Availability,23.8314147,92.6287719
Reliance Jio,Vairengte,5G NR,Commercial Availability,24.4956623,92.7604866
Reliance Jio,Rangapahar,5G NR,Commercial Availability,25.8557093,93.7051633
Reliance Jio,Balagoda (Bolani),5G NR,Commercial Availability,22.1131283,85.3364432
Reliance Jio,Baleshwar,5G NR,Commercial Availability,21.5017098,86.9216712
Reliance Jio,Barbil,5G NR,Commercial Availability,22.1118877,85.3868485
Reliance Jio,Bargarh,5G NR,Commercial Availability,21.33323,83.61889
Reliance Jio,Belpahar,5G NR,Commercial Availability,21.8232178,83.8507032
Reliance Jio,Brajarajnagar,5G NR,Commercial Availability,21.826103,83.9194876
Reliance Jio,Buguda,5G NR,Commercial Availability,19.812946,84.789743
Reliance Jio,Choudwar,5G NR,Commercial Availability,20.5276823,85.910155
Reliance Jio,Dhenkanal,5G NR,Commercial Availability,20.65035,85.59722
Reliance Jio,Ghantapada,5G NR,Commercial Availability,20.4817472,85.0403472
Reliance Jio,Jalda,5G NR,Commercial Availability,22.1898264,84.8444812
Reliance Jio,Jatani,5G NR,Commercial Availability,20.1617378,85.7052429
Reliance Jio,Kendrapara,5G NR,Commercial Availability,20.49691,86.42885
Reliance Jio,Kendujhar,5G NR,Commercial Availability,21.6376203,85.6088638
Reliance Jio,Khaliapali,5G NR,Commercial Availability,21.398138,83.7642395
Reliance Jio,Ozhukarai,5G NR,Commercial Availability,11.9414045,79.8064577
Reliance Jio,Villianur,5G NR,Commercial Availability,11.9132643,79.7550761
Reliance Jio,Adampur,5G NR,Commercial Availability,31.4310724,75.7161526
Reliance Jio,Batala,5G NR,Commercial Availability,31.8193025,75.1999941
Reliance Jio,Bhamian Kalan,5G NR,Commercial Availability,30.9176842,75.9406476
Reliance Jio,Bhattian,5G NR,Commercial Availability,31.4691553,75.8982324
Reliance Jio,Chachoki,5G NR,Commercial Availability,31.1964786,75.7741856
Reliance Jio,Firozpur,5G NR,Commercial Availability,30.9611784,74.6092483
Reliance Jio,Gill,5G NR,Commercial Availability,30.7484498,74.8940075
Reliance Jio,Gobindgarh,5G NR,Commercial Availability,30.1770573,74.2550817
Reliance Jio,Gurdaspur,5G NR,Commercial Availability,32.0419134,75.4001677
Reliance Jio,Hussainpur,5G NR,Commercial Availability,31.1494028,75.4630709
Reliance Jio,Jagraon,5G NR,Commercial Availability,30.8041704,75.4753645
Reliance Jio,Kapurthala,5G NR,Commercial Availability,31.3815015,75.3843769
Reliance Jio,Khothran,5G NR,Commercial Availability,31.201276,75.8006858
Reliance Jio,Mamun,5G NR,Commercial Availability,30.6630573,74.2957475
Reliance Jio,Mirpur,5G NR,Commercial Availability,30.4925048,76.500206
Reliance Jio,Moga,5G NR,Commercial Availability,30.8223408,75.1730967
Reliance Jio,Mubarakpur,5G NR,Commercial Availability,31.1596619,76.1232095
Reliance Jio,Nangli,5G NR,Commercial Availability,31.6861441,74.8872757
Reliance Jio,Nilpur,5G NR,Commercial Availability,30.4689087,76.5786767
Reliance Jio,Raja Sansi,5G NR,Commercial Availability,31.7197333,74.8004741
Reliance Jio,Rajpura,5G NR,Commercial Availability,30.4776857,76.5937658
Reliance Jio,S.A.S. Nagar (Mohali),5G NR,Commercial Availability,30.7041168,76.7176885
Reliance Jio,Sahnewal,5G NR,Commercial Availability,30.8402061,75.983601
Reliance Jio,Sanaur,5G NR,Commercial Availability,30.3016735,76.4569821
Reliance Jio,Sansarpur,5G NR,Commercial Availability,31.2705779,75.6205881
Reliance Jio,Sohana,5G NR,Commercial Availability,30.6879593,76.7062746
Reliance Jio,Sujanpur,5G NR,Commercial Availability,32.31549,75.606966
Reliance Jio,Akedadoongar,5G NR,Commercial Availability,27.0173843,75.8084106
Reliance Jio,Balotra,5G NR,Commercial Availability,25.834763,72.2410908
Reliance Jio,Baran,5G NR,Commercial Availability,25.0981904,76.5169876
Reliance Jio,Bari,5G NR,Commercial Availability,24.38296455,73.55338019
Reliance Jio,Barmer,5G NR,Commercial Availability,25.745304,71.3998217
Reliance Jio,Beawar,5G NR,Commercial Availability,26.0992137,74.3127044
Reliance Jio,Bharatpur,5G NR,Commercial Availability,27.2154447,77.4986962
Reliance Jio,Bhuwana,5G NR,Commercial Availability,24.6953795,71.5087223
Reliance Jio,Chomu,5G NR,Commercial Availability,27.1725,75.7215
Reliance Jio,Dhaulpur,5G NR,Commercial Availability,26.7010642,77.896749
Reliance Jio,Fatehpur,5G NR,Commercial Availability,25.9250809,80.8009461
Reliance Jio,Ganganagar,5G NR,Commercial Availability,29.9049489,73.87929341
Reliance Jio,Hindaun,5G NR,Commercial Availability,26.7325006,77.0363121
Reliance Jio,Jhalawar,5G NR,Commercial Availability,24.5931704,76.1664528
Reliance Jio,Makrana,5G NR,Commercial Availability,27.0388103,74.7271171
Reliance Jio,Nagaur,5G NR,Commercial Availability,27.2000843,73.7377453
Reliance Jio,Nandri,5G NR,Commercial Availability,26.9236579,76.7549086
Reliance Jio,Nimbahera,5G NR,Commercial Availability,24.6258698,74.6866837
Reliance Jio,Sangariya,5G NR,Commercial Availability,25.8511135,74.8668694
Reliance Jio,Sawai Madhopur,5G NR,Commercial Availability,26.0188919,76.3522441
Reliance Jio,Alandur,5G NR,Commercial Availability,9.9154106,79.1270124
Reliance Jio,Alangulam,5G NR,Commercial Availability,8.8667593,77.4962288
Reliance Jio,Alanthurai,5G NR,Commercial Availability,10.9541167,76.7905294
Reliance Jio,Ambattur,5G NR,Commercial Availability,13.1193746,80.1507648
Reliance Jio,Anakaputhur,5G NR,Commercial Availability,12.9806162,80.1297551
Reliance Jio,Andipalayam,5G NR,Commercial Availability,11.099921,78.109242
Reliance Jio,Annalagraharam,5G NR,Commercial Availability,10.9492735,79.3684245
Reliance Jio,Annamalai Nagar,5G NR,Commercial Availability,11.3899768,79.71224983
Reliance Jio,Arani,5G NR,Commercial Availability,13.3310399,80.0835726
Reliance Jio,Arcot,5G NR,Commercial Availability,12.9078949,79.320393
Reliance Jio,Ariyur,5G NR,Commercial Availability,10.8711121,78.9091249
Reliance Jio,Aruppukkottai,5G NR,Commercial Availability,9.5073229,78.0958971
Reliance Jio,Attur,5G NR,Commercial Availability,11.5995411,78.5962711
Reliance Jio,Avadi,5G NR,Commercial Availability,13.1194809,80.1026704
Reliance Jio,Ayakudi,5G NR,Commercial Availability,10.4565308,77.5599146
Reliance Jio,Ayappakkam,5G NR,Commercial Availability,12.5057641,80.1129406
Reliance Jio,Bargur,5G NR,Commercial Availability,12.5425826,78.3567173
Reliance Jio,Bhavani,5G NR,Commercial Availability,11.4405993,77.6824386
Reliance Jio,Chengalpattu,5G NR,Commercial Availability,12.6840886,79.9836371
Reliance Jio,Chinnavedampatti,5G NR,Commercial Availability,11.0629428,76.9843304
Reliance Jio,Chithode,5G NR,Commercial Availability,11.3954841,77.6580812
Reliance Jio,Chitlapakkam,5G NR,Commercial Availability,12.9330984,80.1413832
Reliance Jio,Dharapadavedu,5G NR,Commercial Availability,12.9676504,79.138001
Reliance Jio,Edayanchavadi,5G NR,Commercial Availability,13.2169796,80.2850172
Reliance Jio,Erumapalayam,5G NR,Commercial Availability,11.6447036,78.1709118
Reliance Jio,Ettimadai,5G NR,Commercial Availability,10.8906828,76.9082896
Reliance Jio,Gangaikondan,5G NR,Commercial Availability,8.8581571,77.7791369
Reliance Jio,Gudalur,5G NR,Commercial Availability,11.4992417,76.4923903
Reliance Jio,Gudiyatham,5G NR,Commercial Availability,12.9485676,78.8705336
Reliance Jio,Harveypatti,5G NR,Commercial Availability,9.877645,78.0615125
Reliance Jio,Ilanji,5G NR,Commercial Availability,8.9585789,77.2782325
Reliance Jio,Injambakkam,5G NR,Commercial Availability,12.9189367,80.251295
Reliance Jio,Irugur,5G NR,Commercial Availability,11.0182228,77.0655208
Reliance Jio,Kalapatti,5G NR,Commercial Availability,11.0787684,77.0370419
Reliance Jio,Kancheepuram,5G NR,Commercial Availability,12.87960515,79.70427615
Reliance Jio,Kannampalayam,5G NR,Commercial Availability,13.2015628,80.2254112
Reliance Jio,Kannapalayam,5G NR,Commercial Availability,13.0907932,80.1003672
Reliance Jio,Karaikkudi,5G NR,Commercial Availability,10.0808082,79.0667313
Reliance Jio,Karamadai,5G NR,Commercial Availability,11.2393183,76.9600768
Reliance Jio,Katpadi,5G NR,Commercial Availability,12.9780435,79.137728
Reliance Jio,Kattupakkam,5G NR,Commercial Availability,13.0400552,80.1243027
Reliance Jio,Kondalampatti,5G NR,Commercial Availability,11.6268192,78.1213275
Reliance Jio,Kondappanaickenpatti,5G NR,Commercial Availability,11.7092612,78.1765422
Reliance Jio,Kondasamudram,5G NR,Commercial Availability,11.10405,79.48127
Reliance Jio,Kottaiyur,5G NR,Commercial Availability,10.257577,78.79004
Reliance Jio,Kottivakkam,5G NR,Commercial Availability,12.9705053,80.2615033
Reliance Jio,Kovalam,5G NR,Commercial Availability,12.7877434,80.2509334
Reliance Jio,Kovur,5G NR,Commercial Availability,13.0113616,80.1208582
Reliance Jio,Kumarapalayam,5G NR,Commercial Availability,10.88994,78.93236
Reliance Jio,Kundrathur,5G NR,Commercial Availability,12.9957704,80.0973114
Reliance Jio,Kurichi,5G NR,Commercial Availability,11.2359695,79.6307838
Reliance Jio,Lakshminarayanapuram,5G NR,Commercial Availability,11.1167171,79.7341776
Reliance Jio,Madukkarai,5G NR,Commercial Availability,10.9148303,76.9534813
Reliance Jio,Maduravoyal,5G NR,Commercial Availability,13.0601732,80.1665988
Reliance Jio,Malumichampatti,5G NR,Commercial Availability,10.9043819,76.9988314
Reliance Jio,Mamallapuram,5G NR,Commercial Availability,12.6195981,80.1936497
Reliance Jio,Manali,5G NR,Commercial Availability,32.23963,77.18871
Reliance Jio,Manapakkam,5G NR,Commercial Availability,13.0147531,80.1744935
Reliance Jio,Mangadu,5G NR,Commercial Availability,10.3228991,79.0874004
Reliance Jio,Mannargudi,5G NR,Commercial Availability,10.6673278,79.4443834
Reliance Jio,Mappilaiurani,5G NR,Commercial Availability,8.8404956,78.1508052
Reliance Jio,Mathigiri,5G NR,Commercial Availability,12.6928265,77.8062946
Reliance Jio,Mathur,5G NR,Commercial Availability,13.1678641,80.2436918
Reliance Jio,Medavakkam,5G NR,Commercial Availability,12.9229928,80.1882897
Reliance Jio,Meenambakkam,5G NR,Commercial Availability,12.9866009,80.1726357
Reliance Jio,Mettur,5G NR,Commercial Availability,11.7902463,77.7980929
Reliance Jio,Mevalurkuppam,5G NR,Commercial Availability,13.0280202,80.007207
Reliance Jio,Moovarasampettai,5G NR,Commercial Availability,12.9693665,80.1833591
Reliance Jio,Mugalivakkam,5G NR,Commercial Availability,13.0205798,80.1685163
Reliance Jio,Nagapattinam,5G NR,Commercial Availability,10.7647952,79.8430779
Reliance Jio,Nallipalayam,5G NR,Commercial Availability,11.321464,77.944515
Reliance Jio,Nallur,5G NR,Commercial Availability,11.3310624,79.7738743
Reliance Jio,Nandambakkam,5G NR,Commercial Availability,13.0166484,80.1911885
Reliance Jio,Narasingapuram,5G NR,Commercial Availability,11.6056296,78.5744935
Reliance Jio,Nathampannai,5G NR,Commercial Availability,10.4087671,78.7918432
Reliance Jio,Navalpattu,5G NR,Commercial Availability,10.7504375,78.7762002
Reliance Jio,Neelankarai,5G NR,Commercial Availability,12.9454955,80.2574692
Reliance Jio,Nemilicheri,5G NR,Commercial Availability,13.1256971,80.0506578
Reliance Jio,Nerkunram,5G NR,Commercial Availability,12.6900289,79.8531496
Reliance Jio,Nolambur,5G NR,Commercial Availability,13.0747182,80.1682206
Reliance Jio,Omalur,5G NR,Commercial Availability,11.7429887,78.047213
Reliance Jio,Othakadai,5G NR,Commercial Availability,9.9604223,78.1891222
Reliance Jio,Pachchal,5G NR,Commercial Availability,12.2690856,78.938281
Reliance Jio,Padappai,5G NR,Commercial Availability,12.8876927,80.0220457
Reliance Jio,Palani,5G NR,Commercial Availability,10.4511094,77.5154495
Reliance Jio,Palavakkam,5G NR,Commercial Availability,12.95999,80.2560268
Reliance Jio,Pallapatti,5G NR,Commercial Availability,9.9155048,77.5959205
Reliance Jio,Pallavaram,5G NR,Commercial Availability,12.9654669,80.1451178
Reliance Jio,Pallikaranai,5G NR,Commercial Availability,12.9304748,80.2077692
Reliance Jio,Pallipalayam,5G NR,Commercial Availability,11.3652431,77.7482633
Reliance Jio,Pammal,5G NR,Commercial Availability,12.9737938,80.1408
Reliance Jio,Panruti,5G NR,Commercial Availability,11.7722823,79.5518978
Reliance Jio,Paraniputhur,5G NR,Commercial Availability,13.0225293,80.128496
Reliance Jio,Pavali,5G NR,Commercial Availability,9.6026054,77.9211313
Reliance Jio,Peerkankaranai,5G NR,Commercial Availability,12.9080858,80.1009824
Reliance Jio,Periakottai,5G NR,Commercial Availability,10.5678941,79.0795898
Reliance Jio,Periyapatti,5G NR,Commercial Availability,10.6726697,78.462832
Reliance Jio,Periyasemur,5G NR,Commercial Availability,11.366551,77.6978494
Reliance Jio,Perungalathur,5G NR,Commercial Availability,12.9145454,80.0879549
Reliance Jio,Perungudi,5G NR,Commercial Availability,12.9710239,80.2418051
Reliance Jio,Pichandarkovil,5G NR,Commercial Availability,10.8775915,78.7080495
Reliance Jio,Pooluvapatti,5G NR,Commercial Availability,10.9596773,76.8149681
Reliance Jio,Poonamallee,5G NR,Commercial Availability,13.0492031,80.1010677
Reliance Jio,Porur,5G NR,Commercial Availability,13.0320131,80.158304
Reliance Jio,Pudukkottai (CT),5G NR,Commercial Availability,10.3969033,78.8151884
Reliance Jio,Pudupattinam,5G NR,Commercial Availability,10.7746935,79.1498599
Reliance Jio,Puthagaram,5G NR,Commercial Availability,13.1346231,80.1978478
Reliance Jio,Puzhal,5G NR,Commercial Availability,13.1636492,80.2038067
Reliance Jio,Rajapalayam,5G NR,Commercial Availability,9.4456102,77.5542849
Reliance Jio,Ramapuram,5G NR,Commercial Availability,13.0298609,80.1780333
Reliance Jio,Rameswaram,5G NR,Commercial Availability,9.2844657,79.3125553
Reliance Jio,Ranipettai,5G NR,Commercial Availability,12.9245871,79.3341878
Reliance Jio,Sankarapuram,5G NR,Commercial Availability,11.8873761,78.9166118
Reliance Jio,Saravanampatti,5G NR,Commercial Availability,10.6469642,78.3395362
Reliance Jio,Sathuvachari,5G NR,Commercial Availability,12.9361096,79.1557785
Reliance Jio,Sembakkam,5G NR,Commercial Availability,12.7023624,80.1298612
Reliance Jio,Senneerkuppam,5G NR,Commercial Availability,13.0501739,80.1193176
Reliance Jio,Sevur,5G NR,Commercial Availability,11.2510006,77.2319794
Reliance Jio,Sholinganallur,5G NR,Commercial Availability,12.8935356,80.2320634
Reliance Jio,Silaiman,5G NR,Commercial Availability,9.8739731,78.1898831
Reliance Jio,Sivagnanapuram,5G NR,Commercial Availability,8.229457,77.576952
Reliance Jio,Somayampalayam,5G NR,Commercial Availability,11.0462449,76.9050297
Reliance Jio,Sriperumbudur,5G NR,Commercial Availability,12.9201301,79.93910564
Reliance Jio,Sulur,5G NR,Commercial Availability,11.0268912,77.1258565
Reliance Jio,Surampatti,5G NR,Commercial Availability,11.3278082,77.7107402
Reliance Jio,Swamimalai,5G NR,Commercial Availability,10.9560799,79.324786
Reliance Jio,Tambaram,5G NR,Commercial Availability,12.9245279,80.1150525
Reliance Jio,Tenkasi,5G NR,Commercial Availability,8.9560546,77.3058504
Reliance Jio,Thanthoni,5G NR,Commercial Availability,10.6791885,79.2994596
Reliance Jio,Thirumazhisai,5G NR,Commercial Availability,13.0540139,80.0607568
Reliance Jio,Thirunagar,5G NR,Commercial Availability,11.7715999,79.7455242
Reliance Jio,Thiruporur,5G NR,Commercial Availability,12.7258558,80.189518
Reliance Jio,Thiruthangal,5G NR,Commercial Availability,9.4776401,77.8062084
Reliance Jio,Thiruverumbur,5G NR,Commercial Availability,10.7912986,78.7674006
Reliance Jio,Thottipalayam,5G NR,Commercial Availability,11.2255263,77.6649628
Reliance Jio,Tindivanam,5G NR,Commercial Availability,12.2261678,79.6515049
Reliance Jio,Tirupathur,5G NR,Commercial Availability,12.490898,78.564709
Reliance Jio,Tirupattur,5G NR,Commercial Availability,12.490898,78.564709
Reliance Jio,Tirusulam,5G NR,Commercial Availability,12.9738279,80.1670775
Reliance Jio,Tiruvottiyur,5G NR,Commercial Availability,13.1563873,80.3005279
Reliance Jio,Udhagamandalam,5G NR,Commercial Availability,11.4126769,76.7030504
Reliance Jio,Ullur,5G NR,Commercial Availability,10.9712028,79.4018254
Reliance Jio,Urapakkam,5G NR,Commercial Availability,12.8636676,80.0721616
Reliance Jio,Vadavalli,5G NR,Commercial Availability,11.0253387,76.9051251
Reliance Jio,Valasaravakkam,5G NR,Commercial Availability,13.0410164,80.1721682
Reliance Jio,Vallam,5G NR,Commercial Availability,10.7188639,79.0612026
Reliance Jio,Vanagaram,5G NR,Commercial Availability,13.0604406,80.1533447
Reliance Jio,Vandalur,5G NR,Commercial Availability,12.8921486,80.0829603
Reliance Jio,Veerappanchatiram,5G NR,Commercial Availability,11.3485673,77.7119662
Reliance Jio,Velampalayam,5G NR,Commercial Availability,11.1702905,77.7463526
Reliance Jio,Velankanni,5G NR,Commercial Availability,10.6821882,79.8481424
Reliance Jio,Venkatapuram,5G NR,Commercial Availability,13.1059682,80.0629883
Reliance Jio,Vilar,5G NR,Commercial Availability,10.730722,79.1565148
Reliance Jio,Viraganur,5G NR,Commercial Availability,11.4759738,78.7383837
Reliance Jio,Virudhunagar,5G NR,Commercial Availability,9.58224,77.9537
Reliance Jio,Virupakshipuram,5G NR,Commercial Availability,12.7128978,79.3121051
Reliance Jio,Walajapet,5G NR,Commercial Availability,12.9254734,79.3637892
Reliance Jio,Zamin Uthukuli,5G NR,Commercial Availability,10.652003,76.9794626
Reliance Jio,Zuzuvadi,5G NR,Commercial Availability,12.7695338,77.7885075
Reliance Jio,Ameenapur,5G NR,Commercial Availability,18.7839123,78.3642028
Reliance Jio,Bandlaguda,5G NR,Commercial Availability,17.48328,78.66115
Reliance Jio,Bhanur,5G NR,Commercial Availability,17.4899467,78.1787392
Reliance Jio,Bhimaram,5G NR,Commercial Availability,18.8488193,79.6753889
Reliance Jio,Bhongir,5G NR,Commercial Availability,17.5172789,78.8863383
Reliance Jio,Bodhan,5G NR,Commercial Availability,18.6536941,77.8936802
Reliance Jio,Boduppal,5G NR,Commercial Availability,17.4200755,78.5827841
Reliance Jio,Bollaram,5G NR,Commercial Availability,18.1609088,78.0699201
Reliance Jio,Chityala,5G NR,Commercial Availability,16.6278188,79.4669286
Reliance Jio,Dasnapur,5G NR,Commercial Availability,19.4476182,78.6124131
Reliance Jio,Dundigal,5G NR,Commercial Availability,17.6078985,78.413704
Reliance Jio,Enumamula,5G NR,Commercial Availability,18.0000583,79.617178
Reliance Jio,Gadwal,5G NR,Commercial Availability,16.23366,77.80814
Reliance Jio,Gajwel,5G NR,Commercial Availability,17.8456745,78.6828741
Reliance Jio,Ghatkesar,5G NR,Commercial Availability,17.4510837,78.6843022
Reliance Jio,Gorrekunta,5G NR,Commercial Availability,17.9780557,79.6462465
Reliance Jio,Isnapur,5G NR,Commercial Availability,17.5441251,78.1978941
Reliance Jio,Kadipikonda,5G NR,Commercial Availability,17.9642795,79.5120922
Reliance Jio,Kalwakurthy,5G NR,Commercial Availability,16.6721316,78.4880729
Reliance Jio,Kamareddy,5G NR,Commercial Availability,18.3222091,78.3387118
Reliance Jio,Khammam,5G NR,Commercial Availability,17.24725,80.15144
Reliance Jio,Kismatpur,5G NR,Commercial Availability,17.3351206,78.3926988
Reliance Jio,Kompalle,5G NR,Commercial Availability,18.4019928,79.8215012
Reliance Jio,Kothakota,5G NR,Commercial Availability,16.3806119,77.9398656
Reliance Jio,Kothapet,5G NR,Commercial Availability,18.0271389,79.6531104
Reliance Jio,Laxmidevipalle,5G NR,Commercial Availability,18.2102043,78.4162942
Reliance Jio,Medak,5G NR,Commercial Availability,18.0458792,78.2651993
Reliance Jio,Medchal,5G NR,Commercial Availability,17.6339929,78.4843146
Reliance Jio,Medipalle,5G NR,Commercial Availability,18.800405,78.8149265
Reliance Jio,Meerpet,5G NR,Commercial Availability,17.4546432,78.57154988
Reliance Jio,Miryalaguda,5G NR,Commercial Availability,16.8710119,79.5617353
Reliance Jio,Nagaram,5G NR,Commercial Availability,18.6810106,79.4670359
Reliance Jio,Narsingi,5G NR,Commercial Availability,18.0191012,78.0692712
Reliance Jio,Palwancha,5G NR,Commercial Availability,17.5976713,80.7057072
Reliance Jio,Peddapalle,5G NR,Commercial Availability,16.1722391,77.760645
Reliance Jio,Pothreddipalle,5G NR,Commercial Availability,17.5910164,78.084667
Reliance Jio,Sarapaka,5G NR,Commercial Availability,17.6884787,80.86924
Reliance Jio,Shamshabad,5G NR,Commercial Availability,17.2611444,78.3931943
Reliance Jio,Sircilla,5G NR,Commercial Availability,18.3897573,78.8085973
Reliance Jio,Thorrur,5G NR,Commercial Availability,17.582996,79.6589492
Reliance Jio,Wanaparthy,5G NR,Commercial Availability,16.3617799,78.0610836
Reliance Jio,Yellandu,5G NR,Commercial Availability,17.5915639,80.3216885
Reliance Jio,Manu,5G NR,Commercial Availability,23.9970074,91.9967767
Reliance Jio,Narsingarh,5G NR,Commercial Availability,23.9095854,91.2524628
Reliance Jio,Air Force Area,5G NR,Commercial Availability,26.7552868,83.4291887
Reliance Jio,Allahabad,5G NR,Commercial Availability,25.4381302,81.8338005
Reliance Jio,Ayodhya,5G NR,Commercial Availability,26.78796,82.19855
Reliance Jio,Bakshi Ka Talab,5G NR,Commercial Availability,26.9837375,80.9207025
Reliance Jio,Bhadohi,5G NR,Commercial Availability,25.3941093,82.5701465
Reliance Jio,Chandausi,5G NR,Commercial Availability,28.449104,78.7828513
Reliance Jio,Dadri,5G NR,Commercial Availability,28.5534523,77.5555503
Reliance Jio,Dhakauli,5G NR,Commercial Availability,28.6486035,77.9208809
Reliance Jio,Dhanipur,5G NR,Commercial Availability,28.184594,78.516979
Reliance Jio,Etawah,5G NR,Commercial Availability,26.7780674,79.0220015
Reliance Jio,Etmadpur,5G NR,Commercial Availability,27.2336372,78.1981356
Reliance Jio,Faridpur,5G NR,Commercial Availability,28.2083265,79.5375964
Reliance Jio,Gokul,5G NR,Commercial Availability,27.439072,77.7203733
Reliance Jio,Greater Noida,5G NR,Commercial Availability,28.4670734,77.5137649
Reliance Jio,Hasanpur,5G NR,Commercial Availability,28.7227817,78.2826224
Reliance Jio,Hathras,5G NR,Commercial Availability,27.5975888,78.0545477
Reliance Jio,Jhusi,5G NR,Commercial Availability,25.4281109,81.9137525
Reliance Jio,Kairana,5G NR,Commercial Availability,29.394447,77.2052786
Reliance Jio,Kalwari,5G NR,Commercial Availability,26.6392464,82.6803266
Reliance Jio,Kandharpur,5G NR,Commercial Availability,26.803037,82.1948254
Reliance Jio,Karanpur,5G NR,Commercial Availability,28.7799597,78.6833953
Reliance Jio,Kareli,5G NR,Commercial Availability,25.4275399,81.8155288
Reliance Jio,Kithaur,5G NR,Commercial Availability,28.8671443,77.938252
Reliance Jio,Kukra,5G NR,Commercial Availability,28.1947873,80.4521083
Reliance Jio,Loni,5G NR,Commercial Availability,28.7317295,77.2900919
Reliance Jio,Maheshpur,5G NR,Commercial Availability,29.7095995,77.5566959
Reliance Jio,Malhipur,5G NR,Commercial Availability,27.4087071,82.3780001
Reliance Jio,Mawana,5G NR,Commercial Availability,29.099061,77.9208609
Reliance Jio,Nawabganj,5G NR,Commercial Availability,26.8637478,82.1381306
Reliance Jio,Pali Khera,5G NR,Commercial Availability,27.475056,77.641443
Reliance Jio,Runkata,5G NR,Commercial Availability,27.236332,77.8742231
Reliance Jio,Sarsaul,5G NR,Commercial Availability,26.2840047,80.4884002
Reliance Jio,Sarsawa,5G NR,Commercial Availability,30.0337379,77.3917072
Reliance Jio,Shahjahanpur,5G NR,Commercial Availability,27.88374,79.91225
Reliance Jio,Tundla,5G NR,Commercial Availability,27.2132859,78.2371117
Reliance Jio,Vrindavan,5G NR,Commercial Availability,27.5753726,77.6938045
Reliance Jio,Bahadarabad,5G NR,Commercial Availability,29.9197264,78.0436674
Reliance Jio,Hardwar,5G NR,Commercial Availability,29.9384473,78.1452985
Reliance Jio,Mukhani,5G NR,Commercial Availability,29.2180465,79.5185004
Reliance Jio,Abhirampur,5G NR,Commercial Availability,22.4649984,88.1693867
Reliance Jio,Ajodhyanagar,5G NR,Commercial Availability,22.3253906,88.2714879
Reliance Jio,Amtala,5G NR,Commercial Availability,22.3668791,88.2777495
Reliance Jio,Balarampur,5G NR,Commercial Availability,23.0962135,86.2200923
Reliance Jio,Bamangachhi,5G NR,Commercial Availability,22.3721447,88.390485
Reliance Jio,Bamunara,5G NR,Commercial Availability,23.41888815,87.85401622
Reliance Jio,Banagram,5G NR,Commercial Availability,22.4463029,88.284084
Reliance Jio,Baniara,5G NR,Commercial Availability,22.5341023,88.6356766
Reliance Jio,Bankra,5G NR,Commercial Availability,22.3261795,86.8406152
Reliance Jio,Bansberia,5G NR,Commercial Availability,22.9600234,88.4053516
Reliance Jio,Baranagar,5G NR,Commercial Availability,22.6493438,88.3685302
Reliance Jio,Barasat,5G NR,Commercial Availability,22.7191072,88.4826229
Reliance Jio,Barddhaman,5G NR,Commercial Availability,23.4158568,87.82975955
Reliance Jio,Barkalikapur,5G NR,Commercial Availability,22.3819456,88.2211003
Reliance Jio,Barrackpore,5G NR,Commercial Availability,22.7641623,88.3776088
Reliance Jio,Baruipur,5G NR,Commercial Availability,22.3599251,88.432546
Reliance Jio,Bhasa,5G NR,Commercial Availability,22.4156101,88.2838258
Reliance Jio,Bhatpara,5G NR,Commercial Availability,22.8571157,88.3971976
Reliance Jio,Bidhannagar,5G NR,Commercial Availability,22.5868799,88.4156088
Reliance Jio,Bidyadharpur,5G NR,Commercial Availability,22.4232727,88.4537157
Reliance Jio,Birlapur,5G NR,Commercial Availability,22.4216513,88.1559781
Reliance Jio,Bolpur,5G NR,Commercial Availability,23.661154,87.6962424
Reliance Jio,Bowali,5G NR,Commercial Availability,22.4041144,88.1852301
Reliance Jio,Budge Budge,5G NR,Commercial Availability,22.4736567,88.173933
Reliance Jio,Buita,5G NR,Commercial Availability,22.451779,88.1852307
Reliance Jio,Chak Kashipur,5G NR,Commercial Availability,22.4262198,88.1645112
Reliance Jio,Chandannagar,5G NR,Commercial Availability,22.8639237,88.3703496
Reliance Jio,Chanddandaha,5G NR,Commercial Availability,22.3808182,88.2339532
Reliance Jio,Chata Kalikapur,5G NR,Commercial Availability,22.4774753,88.2626904
Reliance Jio,Dakshin Raypur,5G NR,Commercial Availability,22.4037259,88.1511009
Reliance Jio,Danga,5G NR,Commercial Availability,22.4330027,88.3600596
Reliance Jio,Dankuni,5G NR,Commercial Availability,22.6820899,88.2907444
Reliance Jio,Daulatpur,5G NR,Commercial Availability,22.4352191,88.306922
Reliance Jio,Deara,5G NR,Commercial Availability,22.4970663,88.445715
Reliance Jio,Dharmapur,5G NR,Commercial Availability,22.3599457,88.226729
Reliance Jio,Digha,5G NR,Commercial Availability,21.6224576,87.5069427
Reliance Jio,Domjur,5G NR,Commercial Availability,22.6362732,88.2198286
Reliance Jio,Dum Dum,5G NR,Commercial Availability,22.6520597,88.4360417
Reliance Jio,English Bazar,5G NR,Commercial Availability,25.0057449,88.1398483
Reliance Jio,Farakka Barrage Township,5G NR,Commercial Availability,24.8040551,87.9121575
Reliance Jio,Gangadharpur,5G NR,Commercial Availability,22.7603958,88.2216864
Reliance Jio,Gangapur,5G NR,Commercial Availability,22.199755,88.4585354
Reliance Jio,Ganye Gangadharpur,5G NR,Commercial Availability,22.4720274,88.2668106
Reliance Jio,Garshyamnagar,5G NR,Commercial Availability,22.8219396,88.3843561
Reliance Jio,Garulia,5G NR,Commercial Availability,22.8186031,88.3626129
Reliance Jio,Guma,5G NR,Commercial Availability,22.8086638,88.6025047
Reliance Jio,Halisahar,5G NR,Commercial Availability,22.9322475,88.4248587
Reliance Jio,Haora,5G NR,Commercial Availability,22.5736296,88.3251045
Reliance Jio,Hariharpur,5G NR,Commercial Availability,22.3874273,88.4440232
Reliance Jio,Hasimnagar,5G NR,Commercial Availability,22.3095208,88.2534125
Reliance Jio,Hugli-Chinsurah,5G NR,Commercial Availability,22.8992251,88.3921337
Reliance Jio,Ichhapur,5G NR,Commercial Availability,22.7988429,88.3752627
Reliance Jio,Jafarpur,5G NR,Commercial Availability,22.7799918,88.3851845
Reliance Jio,Jagadishpur,5G NR,Commercial Availability,22.4409911,88.4562793
Reliance Jio,Jaynagar,5G NR,Commercial Availability,22.1751976,88.4200808
Reliance Jio,Joka,5G NR,Commercial Availability,22.4533503,88.3025205
Reliance Jio,Kalua,5G NR,Commercial Availability,22.453898,88.3124001
Reliance Jio,Kamarhati,5G NR,Commercial Availability,22.6810246,88.3715343
Reliance Jio,Kanaipur,5G NR,Commercial Availability,22.7023771,88.3262104
Reliance Jio,Kanchrapara,5G NR,Commercial Availability,22.9496431,88.4378838
Reliance Jio,Kanganbaria,5G NR,Commercial Availability,22.3987951,88.2436904
Reliance Jio,Kesabpur,5G NR,Commercial Availability,22.1432592,88.0773093
Reliance Jio,Khodar Bazar,5G NR,Commercial Availability,22.3604541,88.4270696
Reliance Jio,Konnagar,5G NR,Commercial Availability,22.69972,88.3519784
Reliance Jio,Kriparampur,5G NR,Commercial Availability,22.3573448,88.2680159
Reliance Jio,Krishnanagar,5G NR,Commercial Availability,23.4058481,88.4958935
Reliance Jio,Krishnapur,5G NR,Commercial Availability,22.3516394,88.2309927
Reliance Jio,Madanpur,5G NR,Commercial Availability,23.0073045,88.4885561
Reliance Jio,Madhusudanpur,5G NR,Commercial Availability,22.0747771,88.5822136
Reliance Jio,Madhyamgram,5G NR,Commercial Availability,22.6910824,88.4660136
Reliance Jio,Maheshtala,5G NR,Commercial Availability,22.5055898,88.2500037
Reliance Jio,Mallikpur,5G NR,Commercial Availability,22.3933394,88.4391852
Reliance Jio,Manikpur,5G NR,Commercial Availability,22.4109874,88.4149317
Reliance Jio,Mohanpur,5G NR,Commercial Availability,22.9547908,88.5279413
Reliance Jio,Muragachha,5G NR,Commercial Availability,22.4360287,88.4950634
Reliance Jio,Nadabhanga,5G NR,Commercial Availability,22.4046522,88.2339448
Reliance Jio,Nahazari,5G NR,Commercial Availability,22.4345968,88.2485548
Reliance Jio,Naihati,5G NR,Commercial Availability,22.8886213,88.4239345
Reliance Jio,New Barrackpore,5G NR,Commercial Availability,22.6860681,88.4446406
Reliance Jio,North DumDum,5G NR,Commercial Availability,22.6660837,88.4211986
Reliance Jio,Old Malda,5G NR,Commercial Availability,25.05573,88.13646
Reliance Jio,Palashi,5G NR,Commercial Availability,22.928192,88.4860182
Reliance Jio,Paltapara,5G NR,Commercial Availability,22.8054634,88.393344
Reliance Jio,Panihati,5G NR,Commercial Availability,22.6950342,88.4073585
Reliance Jio,Patulia,5G NR,Commercial Availability,22.739993,88.3844072
Reliance Jio,Poali,5G NR,Commercial Availability,22.3815498,88.1475435
Reliance Jio,Pujali,5G NR,Commercial Availability,22.4601371,88.1340191
Reliance Jio,Raghabpur,5G NR,Commercial Availability,22.4096057,88.3972309
Reliance Jio,Raghudebpur,5G NR,Commercial Availability,22.419528,88.3182062
Reliance Jio,Raiganj,5G NR,Commercial Availability,25.61853,88.12558
Reliance Jio,Rajpur Sonarpur,5G NR,Commercial Availability,22.4408748,88.4246368
Reliance Jio,Ramchandrapur,5G NR,Commercial Availability,22.4360078,88.3846267
Reliance Jio,Ramkrishnapur,5G NR,Commercial Availability,22.3572284,88.2582857
Reliance Jio,Rampurhat,5G NR,Commercial Availability,24.1763069,87.7859569
Reliance Jio,Ranaghat,5G NR,Commercial Availability,23.1738124,88.563677
Reliance Jio,Sankrail,5G NR,Commercial Availability,22.5587753,88.2282829
Reliance Jio,Santoshpur,5G NR,Commercial Availability,22.5269342,88.2551534
Reliance Jio,Sarenga,5G NR,Commercial Availability,22.76249,87.0209455
Reliance Jio,Serampore,5G NR,Commercial Availability,22.7549951,88.3416672
Reliance Jio,Simla,5G NR,Commercial Availability,22.5883664,88.3772276
Reliance Jio,Singur,5G NR,Commercial Availability,22.8130387,88.2283646
Reliance Jio,Sirakol,5G NR,Commercial Availability,22.3423744,88.2607151
Reliance Jio,South DumDum,5G NR,Commercial Availability,22.6180871,88.412251
Reliance Jio,Surul,5G NR,Commercial Availability,23.6653191,87.6648351
Reliance Jio,Teghari,5G NR,Commercial Availability,22.4436574,88.4180908
Reliance Jio,Titagarh,5G NR,Commercial Availability,22.7419198,88.379201
Reliance Jio,Uluberia,5G NR,Commercial Availability,22.4700318,88.1011108
Reliance Jio,Uttar Raypur,5G NR,Commercial Availability,22.4698118,88.1998502
Reliance Jio,Uttarpara Kotrung,5G NR,Commercial Availability,22.6675463,88.3437177
Reliance Jio,Guruvayur,5G NR,Commercial Availability,10.59525,76.03626
Reliance Jio,Chengannur,5G NR,Commercial Availability,9.31833,76.61108
Reliance Jio,Chittur-Thathamangalam,5G NR,Commercial Availability,10.67724,76.71634
Reliance Jio,Koyilandy,5G NR,Commercial Availability,11.44465,75.69353
Reliance Jio,Perumbavoor,5G NR,Commercial Availability,10.1147548,76.4778152
Reliance Jio,Neyyattinkara,5G NR,Commercial Availability,8.40165,77.08712
Reliance Jio,Payyanur,5G NR,Commercial Availability,12.10507,75.20583
